id,num_rels
0,1
1,1
2,5
3,0
4,0
5,0
6,0
7,0
8,2
9,0
10,0
11,1
12,0
13,1
14,1
15,1
16,0
17,0
18,0
19,0
20,0
21,0
22,1
23,0
24,0
25,0
26,0
27,1
28,0
29,1
30,1
31,3
32,1
33,0
34,2
35,0
36,1
37,2
38,1
39,0
40,0
41,2
42,1
43,1
44,3
45,0
46,0
47,0
48,1
49,0
50,1
51,1
52,1
53,0
54,0
55,2
56,2
57,0
58,0
59,0
60,2
61,0
62,1
63,0
64,1
65,1
66,0
67,0
68,2
69,0
70,1
71,1
72,2
73,3
74,0
75,0
76,1
77,1
78,1
79,0
80,0
81,0
82,0
83,0
84,0
85,1
86,0
87,0
88,0
89,0
90,1
91,0
92,1
93,0
94,0
95,2
96,0
97,0
98,0
99,0
100,1
101,0
102,2
103,0
104,0
105,3
106,3
107,1
108,3
109,1
110,0
111,1
112,1
113,1
114,1
115,0
116,1
117,3
118,0
119,0
120,0
121,0
122,1
123,0
124,0
125,1
126,0
127,1
128,0
129,0
130,1
131,3
132,1
133,1
134,1
135,0
136,0
137,2
138,0
139,0
140,0
141,0
142,2
143,0
144,0
145,0
146,1
147,0
148,0
149,0
150,0
151,0
152,0
153,0
154,0
155,0
156,0
157,0
158,0
159,0
160,1
161,0
162,0
163,1
164,0
165,1
166,0
167,1
168,0
169,0
170,0
171,0
172,0
173,0
174,0
175,0
176,0
177,0
178,0
179,0
180,0
181,0
182,0
183,0
184,2
185,0
186,0
187,0
188,0
189,0
190,1
191,1
192,1
193,0
194,1
195,1
196,1
197,0
198,0
199,0
200,1
201,2
202,4
203,3
204,0
205,0
206,0
207,1
208,0
209,0
210,1
211,0
212,0
213,0
214,1
215,2
216,0
217,1
218,0
219,1
220,0
221,2
222,1
223,1
224,2
225,0
226,0
227,0
228,0
229,0
230,2
231,0
232,0
233,1
234,1
235,0
236,3
237,2
238,0
239,0
240,3
241,0
242,1
243,2
244,0
245,1
246,1
247,2
248,0
249,0
250,0
251,0
252,0
253,1
254,0
255,1
256,1
257,1
258,2
259,0
260,0
261,0
262,1
263,0
264,1
265,1
266,1
267,0
268,0
269,0
270,1
271,0
272,3
273,1
274,0
275,0
276,0
277,2
278,0
279,0
280,2
281,0
282,2
283,0
284,1
285,0
286,1
287,1
288,0
289,0
290,0
291,0
292,0
293,0
294,2
295,2
296,0
297,1
298,0
299,0
300,0
301,0
302,0
303,0
304,0
305,0
306,0
307,0
308,0
309,0
310,0
311,2
312,0
313,0
314,0
315,0
316,0
317,2
318,0
319,0
320,0
321,0
322,0
323,0
324,0
325,0
326,0
327,0
328,0
329,0
330,0
331,0
332,0
333,0
334,0
335,0
336,0
337,0
338,1
339,0
340,0
341,1
342,0
343,0
344,1
345,0
346,0
347,0
348,1
349,0
350,0
351,0
352,0
353,0
354,2
355,2
356,0
357,2
358,0
359,0
360,0
361,0
362,1
363,1
364,0
365,1
366,0
367,0
368,1
369,1
370,3
371,0
372,3
373,1
374,0
375,1
376,0
377,1
378,2
379,0
380,0
381,0
382,0
383,1
384,0
385,0
386,1
387,0
388,0
389,0
390,0
391,0
392,0
393,0
394,2
395,0
396,0
397,0
398,0
399,0
400,3
401,0
402,0
403,0
404,1
405,0
406,2
407,1
408,1
409,1
410,1
411,1
412,2
413,0
414,2
415,0
416,1
417,0
418,0
419,0
420,3
421,0
422,1
423,0
424,0
425,0
426,0
427,0
428,1
429,0
430,3
431,0
432,0
433,0
434,1
435,2
436,3
437,1
438,1
439,0
440,0
441,0
442,0
443,3
444,1
445,0
446,0
447,0
448,1
449,0
450,0
451,1
452,1
453,0
454,1
455,1
456,0
457,0
458,1
459,0
460,0
461,0
462,0
463,1
464,0
465,0
466,0
467,1
468,0
469,0
470,1
471,0
472,3
473,1
474,0
475,0
476,1
477,0
478,0
479,0
480,0
481,0
482,0
483,0
484,0
485,1
486,0
487,3
488,0
489,0
490,0
491,0
492,0
493,0
494,1
495,0
496,0
497,0
498,1
499,1
500,1
501,1
502,1
503,0
504,1
505,2
506,1
507,2
508,0
509,0
510,0
511,0
512,3
513,3
514,0
515,0
516,1
517,0
518,0
519,2
520,0
521,2
522,1
523,0
524,0
525,0
526,0
527,0
528,1
529,0
530,0
531,1
532,0
533,2
534,1
535,0
536,3
537,0
538,0
539,0
540,1
541,0
542,0
543,0
544,1
545,0
546,1
547,0
548,0
549,0
550,1
551,0
552,0
553,1
554,0
555,0
556,0
557,0
558,1
559,0
560,0
561,0
562,0
563,0
564,0
565,0
566,1
567,0
568,0
569,0
570,1
571,2
572,0
573,0
574,0
575,1
576,1
577,0
578,0
579,0
580,0
581,3
582,0
583,0
584,1
585,1
586,0
587,2
588,0
589,0
590,0
591,0
592,0
593,0
594,0
595,1
596,0
597,0
598,0
599,2
600,0
601,0
602,0
603,0
604,0
605,0
606,0
607,0
608,0
609,0
610,0
611,0
612,2
613,0
614,0
615,0
616,1
617,0
618,0
619,0
620,2
621,0
622,0
623,1
624,1
625,1
626,0
627,0
628,0
629,0
630,0
631,0
632,0
633,0
634,0
635,0
636,1
637,0
638,0
639,0
640,1
641,0
642,0
643,0
644,0
645,1
646,0
647,0
648,0
649,0
650,0
651,0
652,0
653,3
654,1
655,1
656,0
657,0
658,0
659,1
660,2
661,1
662,0
663,0
664,0
665,1
666,0
667,1
668,0
669,0
670,0
671,0
672,0
673,1
674,0
675,1
676,0
677,0
678,0
679,0
680,1
681,0
682,0
683,0
684,1
685,0
686,0
687,2
688,0
689,0
690,0
691,0
692,0
693,0
694,1
695,0
696,2
697,0
698,0
699,0
700,1
701,0
702,0
703,0
704,0
705,0
706,0
707,0
708,0
709,2
710,2
711,0
712,1
713,1
714,2
715,0
716,1
717,1
718,1
719,1
720,1
721,1
722,0
723,0
724,0
725,3
726,0
727,0
728,1
729,1
730,0
731,1
732,1
733,0
734,0
735,1
736,0
737,0
738,0
739,0
740,1
741,2
742,0
743,0
744,0
745,0
746,1
747,0
748,3
749,0
750,0
751,0
752,0
753,1
754,0
755,2
756,0
757,0
758,0
759,0
760,2
761,0
762,0
763,0
764,1
765,0
766,0
767,1
768,0
769,1
770,0
771,0
772,0
773,2
774,0
775,0
776,0
777,1
778,0
779,0
780,1
781,1
782,0
783,2
784,0
785,0
786,0
787,0
788,1
789,0
790,1
791,0
792,0
793,0
794,1
795,2
796,0
797,1
798,0
799,0
800,0
801,0
802,0
803,1
804,1
805,3
806,0
807,0
808,0
809,0
810,0
811,0
812,0
813,0
814,1
815,0
816,0
817,1
818,0
819,0
820,2
821,0
822,0
823,2
824,0
825,0
826,1
827,0
828,0
829,0
830,0
831,0
832,0
833,0
834,0
835,0
836,1
837,0
838,0
839,0
840,0
841,0
842,1
843,1
844,0
845,1
846,0
847,0
848,1
849,0
850,1
851,0
852,2
853,0
854,3
855,0
856,0
857,1
858,0
859,0
860,0
861,1
862,1
863,0
864,0
865,0
866,0
867,0
868,1
869,0
870,0
871,0
872,0
873,0
874,0
875,1
876,0
877,1
878,1
879,0
880,1
881,2
882,0
883,0
884,0
885,0
886,0
887,0
888,0
889,0
890,0
891,0
892,0
893,1
894,0
895,0
896,2
897,0
898,0
899,1
900,3
901,0
902,0
903,1
904,1
905,0
906,0
907,1
908,0
909,0
910,0
911,1
912,1
913,0
914,0
915,1
916,0
917,1
918,0
919,1
920,0
921,0
922,0
923,0
924,0
925,1
926,0
927,0
928,2
929,0
930,0
931,0
932,0
933,1
934,0
935,1
936,3
937,4
938,0
939,2
940,0
941,0
942,0
943,3
944,0
945,0
946,0
947,0
948,1
949,0
950,2
951,1
952,4
953,0
954,0
955,2
956,2
957,0
958,0
959,0
960,1
961,0
962,0
963,0
964,0
965,1
966,0
967,0
968,0
969,0
970,0
971,0
972,0
973,0
974,1
975,2
976,3
977,0
978,0
979,0
980,1
981,0
982,0
983,0
984,0
985,0
986,1
987,1
988,0
989,2
990,0
991,0
992,0
993,1
994,2
995,0
996,0
997,0
998,0
999,1
1000,0
1001,2
1002,0
1003,0
1004,0
1005,0
1006,1
1007,0
1008,0
1009,0
1010,0
1011,0
1012,1
1013,1
1014,1
1015,1
1016,2
1017,0
1018,0
1019,0
1020,0
1021,1
1022,1
1023,1
1024,0
1025,0
1026,1
1027,0
1028,1
1029,0
1030,0
1031,0
1032,4
1033,0
1034,4
1035,0
1036,0
1037,0
1038,1
1039,0
1040,0
1041,6
1042,0
1043,0
1044,1
1045,0
1046,1
1047,0
1048,0
1049,0
1050,0
1051,1
1052,0
1053,3
1054,0
1055,1
1056,0
1057,1
1058,2
1059,0
1060,1
1061,1
1062,1
1063,0
1064,0
1065,1
1066,0
1067,1
1068,1
1069,0
1070,0
1071,0
1072,0
1073,0
1074,1
1075,0
1076,0
1077,1
1078,0
1079,0
1080,0
1081,0
1082,3
1083,0
1084,1
1085,0
1086,0
1087,3
1088,0
1089,1
1090,1
1091,0
1092,1
1093,0
1094,3
1095,0
1096,0
1097,3
1098,0
1099,1
1100,0
1101,0
1102,0
1103,0
1104,0
1105,2
1106,0
1107,1
1108,0
1109,0
1110,0
1111,1
1112,0
1113,0
1114,0
1115,0
1116,0
1117,2
1118,0
1119,0
1120,2
1121,1
1122,0
1123,0
1124,0
1125,0
1126,1
1127,0
1128,1
1129,0
1130,0
1131,2
1132,1
1133,2
1134,0
1135,1
1136,2
1137,0
1138,0
1139,3
1140,0
1141,4
1142,0
1143,0
1144,0
1145,0
1146,0
1147,1
1148,3
1149,3
1150,1
1151,0
1152,0
1153,0
1154,0
1155,0
1156,0
1157,0
1158,0
1159,0
1160,0
1161,0
1162,1
1163,1
1164,0
1165,0
1166,1
1167,0
1168,0
1169,0
1170,0
1171,0
1172,0
1173,0
1174,0
1175,0
1176,0
1177,0
1178,1
1179,0
1180,0
1181,2
1182,0
1183,0
1184,0
1185,0
1186,0
1187,0
1188,0
1189,0
1190,0
1191,0
1192,1
1193,0
1194,1
1195,0
1196,1
1197,0
1198,0
1199,0
1200,1
1201,0
1202,0
1203,0
1204,2
1205,2
1206,0
1207,0
1208,1
1209,0
1210,1
1211,0
1212,1
1213,1
1214,2
1215,1
1216,0
1217,0
1218,3
1219,2
1220,1
1221,1
1222,0
1223,0
1224,0
1225,0
1226,0
1227,0
1228,0
1229,2
1230,0
1231,0
1232,0
1233,0
1234,1
1235,0
1236,0
1237,0
1238,2
1239,0
1240,0
1241,0
1242,1
1243,0
1244,0
1245,0
1246,0
1247,0
1248,1
1249,0
1250,2
1251,4
1252,4
1253,4
1254,8
1255,4
1256,4
1257,2
1258,2
1259,1
1260,0
1261,0
1262,0
1263,2
1264,5
1265,1
1266,0
1267,0
1268,0
1269,2
1270,1
1271,0
1272,2
1273,2
1274,0
1275,0
1276,1
1277,3
1278,1
1279,1
1280,0
1281,0
1282,1
1283,0
1284,1
1285,0
1286,1
1287,2
1288,1
1289,0
1290,0
1291,2
1292,0
1293,2
1294,0
1295,0
1296,0
1297,0
1298,1
1299,2
1300,0
1301,0
1302,0
1303,1
1304,1
1305,0
1306,0
1307,1
1308,0
1309,0
1310,1
1311,0
1312,1
1313,0
1314,0
1315,0
1316,0
1317,0
1318,3
1319,1
1320,0
1321,0
1322,0
1323,1
1324,0
1325,0
1326,0
1327,0
1328,2
1329,0
1330,0
1331,0
1332,0
1333,0
1334,1
1335,0
1336,0
1337,0
1338,0
1339,0
1340,0
1341,1
1342,0
1343,0
1344,2
1345,2
1346,0
1347,1
1348,1
1349,2
1350,2
1351,3
1352,2
1353,0
1354,0
1355,0
1356,0
1357,0
1358,0
1359,0
1360,1
1361,0
1362,3
1363,0
1364,0
1365,1
1366,1
1367,2
1368,0
1369,2
1370,2
1371,0
1372,1
1373,0
1374,0
1375,2
1376,0
1377,2
1378,0
1379,0
1380,0
1381,0
1382,1
1383,0
1384,1
1385,1
1386,0
1387,0
1388,0
1389,0
1390,0
1391,0
1392,0
1393,1
1394,1
1395,0
1396,0
1397,0
1398,0
1399,0
1400,2
1401,1
1402,0
1403,2
1404,0
1405,0
1406,0
1407,0
1408,1
1409,1
1410,0
1411,0
1412,0
1413,0
1414,0
1415,0
1416,0
1417,0
1418,0
1419,0
1420,1
1421,0
1422,0
1423,0
1424,0
1425,0
1426,0
1427,0
1428,1
1429,2
1430,0
1431,0
1432,0
1433,0
1434,0
1435,0
1436,0
1437,0
1438,3
1439,0
1440,0
1441,2
1442,0
1443,1
1444,0
1445,0
1446,1
1447,0
1448,0
1449,0
1450,0
1451,0
1452,0
1453,0
1454,0
1455,0
1456,0
1457,0
1458,0
1459,0
1460,0
1461,0
1462,0
1463,2
1464,0
1465,0
1466,0
1467,0
1468,0
1469,0
1470,4
1471,0
1472,1
1473,0
1474,0
1475,0
1476,1
1477,1
1478,1
1479,3
1480,0
1481,0
1482,1
1483,1
1484,0
1485,0
1486,0
1487,0
1488,2
1489,1
1490,0
1491,0
1492,0
1493,2
1494,1
1495,1
1496,1
1497,0
1498,0
1499,0
1500,0
1501,0
1502,0
1503,0
1504,0
1505,2
1506,0
1507,1
1508,0
1509,0
1510,0
1511,1
1512,0
1513,2
1514,1
1515,0
1516,0
1517,0
1518,0
1519,0
1520,0
1521,0
1522,0
1523,0
1524,1
1525,0
1526,3
1527,1
1528,0
1529,0
1530,1
1531,1
1532,0
1533,0
1534,1
1535,0
1536,0
1537,0
1538,0
1539,0
1540,0
1541,1
1542,0
1543,0
1544,0
1545,0
1546,0
1547,1
1548,0
1549,0
1550,2
1551,0
1552,0
1553,0
1554,1
1555,0
1556,0
1557,0
1558,0
1559,1
1560,0
1561,1
1562,1
1563,0
1564,0
1565,0
1566,0
1567,1
1568,0
1569,0
1570,1
1571,0
1572,3
1573,0
1574,1
1575,0
1576,0
1577,1
1578,0
1579,1
1580,1
1581,0
1582,0
1583,1
1584,0
1585,0
1586,1
1587,0
1588,0
1589,1
1590,0
1591,1
1592,1
1593,0
1594,0
1595,0
1596,0
1597,0
1598,0
1599,1
1600,0
1601,0
1602,0
1603,0
1604,0
1605,0
1606,1
1607,0
1608,0
1609,1
1610,0
1611,1
1612,1
1613,0
1614,0
1615,0
1616,0
1617,0
1618,1
1619,0
1620,0
1621,1
1622,0
1623,0
1624,0
1625,0
1626,0
1627,2
1628,0
1629,0
1630,1
1631,0
1632,0
1633,1
1634,3
1635,1
1636,0
1637,1
1638,0
1639,0
1640,0
1641,1
1642,0
1643,0
1644,0
1645,0
1646,3
1647,1
1648,0
1649,0
1650,0
1651,1
1652,1
1653,0
1654,3
1655,0
1656,1
1657,0
1658,1
1659,0
1660,0
1661,0
1662,0
1663,0
1664,0
1665,0
1666,0
1667,1
1668,0
1669,2
1670,0
1671,0
1672,0
1673,0
1674,0
1675,2
1676,0
1677,2
1678,3
1679,4
1680,1
1681,0
1682,0
1683,3
1684,0
1685,0
1686,0
1687,0
1688,0
1689,0
1690,2
1691,0
1692,0
1693,1
1694,1
1695,0
1696,3
1697,1
1698,2
1699,0
1700,3
1701,0
1702,1
1703,2
1704,0
1705,1
1706,0
1707,0
1708,0
1709,0
1710,3
1711,3
1712,0
1713,1
1714,0
1715,0
1716,0
1717,0
1718,0
1719,1
1720,2
1721,1
1722,0
1723,0
1724,0
1725,1
1726,0
1727,1
1728,2
1729,1
1730,0
1731,1
1732,1
1733,1
1734,1
1735,0
1736,0
1737,0
1738,0
1739,0
1740,1
1741,1
1742,0
1743,0
1744,0
1745,0
1746,0
1747,1
1748,0
1749,0
1750,0
1751,3
1752,0
1753,2
1754,0
1755,0
1756,1
1757,0
1758,0
1759,0
1760,0
1761,0
1762,1
1763,0
1764,2
1765,0
1766,1
1767,0
1768,0
1769,0
1770,0
1771,0
1772,0
1773,0
1774,1
1775,0
1776,2
1777,2
1778,0
1779,0
1780,0
1781,1
1782,1
1783,0
1784,0
1785,1
1786,1
1787,0
1788,4
1789,0
1790,1
1791,1
1792,0
1793,0
1794,1
1795,1
1796,0
1797,0
1798,1
1799,1
1800,0
1801,0
1802,1
1803,0
1804,0
1805,1
1806,2
1807,1
1808,0
1809,1
1810,0
1811,1
1812,0
1813,0
1814,0
1815,1
1816,1
1817,0
1818,0
1819,0
1820,0
1821,1
1822,0
1823,0
1824,0
1825,0
1826,1
1827,0
1828,1
1829,0
1830,1
1831,0
1832,0
1833,0
1834,0
1835,1
1836,1
1837,0
1838,4
1839,0
1840,1
1841,0
1842,0
1843,1
1844,1
1845,0
1846,1
1847,1
1848,0
1849,0
1850,1
1851,2
1852,0
1853,0
1854,1
1855,1
1856,1
1857,0
1858,0
1859,0
1860,2
1861,1
1862,1
1863,0
1864,1
1865,3
1866,0
1867,1
1868,0
1869,0
1870,2
1871,1
1872,1
1873,0
1874,0
1875,2
1876,1
1877,5
1878,0
1879,0
1880,0
1881,0
1882,0
1883,0
1884,2
1885,0
1886,0
1887,0
1888,0
1889,7
1890,2
1891,4
1892,0
1893,2
1894,0
1895,1
1896,1
1897,0
1898,1
1899,0
1900,3
1901,0
1902,0
1903,0
1904,0
1905,0
1906,1
1907,0
1908,0
1909,0
1910,0
1911,0
1912,0
1913,0
1914,0
1915,0
1916,2
1917,0
1918,0
1919,1
1920,1
1921,0
1922,0
1923,0
1924,1
1925,0
1926,3
1927,0
1928,0
1929,0
1930,1
1931,0
1932,1
1933,2
1934,0
1935,0
1936,1
1937,0
1938,0
1939,0
1940,0
1941,0
1942,0
1943,0
1944,0
1945,0
1946,1
1947,2
1948,1
1949,5
1950,0
1951,1
1952,0
1953,0
1954,1
1955,0
1956,1
1957,0
1958,0
1959,1
1960,1
1961,1
1962,0
1963,1
1964,0
1965,0
1966,1
1967,0
1968,1
1969,5
1970,1
1971,1
1972,3
1973,1
1974,0
1975,0
1976,0
1977,0
1978,2
1979,0
1980,0
1981,0
1982,0
1983,0
1984,0
1985,0
1986,0
1987,0
1988,0
1989,1
1990,0
1991,0
1992,0
1993,1
1994,0
1995,0
1996,0
1997,0
1998,1
1999,0
2000,1
2001,0
2002,0
2003,0
2004,3
2005,0
2006,1
2007,0
2008,0
2009,0
2010,0
2011,0
2012,1
2013,0
2014,0
2015,0
2016,0
2017,1
2018,0
2019,2
2020,1
2021,0
2022,0
2023,0
2024,0
2025,1
2026,0
2027,0
2028,0
2029,0
2030,0
2031,1
2032,0
2033,2
2034,2
2035,1
2036,0
2037,0
2038,0
2039,0
2040,0
2041,0
2042,1
2043,2
2044,1
2045,1
2046,0
2047,1
2048,0
2049,0
2050,0
2051,0
2052,2
2053,0
2054,2
2055,0
2056,0
2057,0
2058,0
2059,0
2060,0
2061,0
2062,0
2063,1
2064,1
2065,1
2066,1
2067,0
2068,0
2069,0
2070,1
2071,0
2072,1
2073,0
2074,2
2075,0
2076,5
2077,0
2078,1
2079,0
2080,1
2081,0
2082,0
2083,0
2084,1
2085,2
2086,0
2087,1
2088,0
2089,0
2090,0
2091,0
2092,0
2093,1
2094,1
2095,0
2096,0
2097,0
2098,0
2099,1
2100,0
2101,2
2102,0
2103,1
2104,1
2105,2
2106,0
2107,1
2108,1
2109,0
2110,0
2111,0
2112,0
2113,1
2114,0
2115,0
2116,0
2117,0
2118,0
2119,0
2120,0
2121,1
2122,1
2123,2
2124,0
2125,0
2126,0
2127,0
2128,0
2129,3
2130,0
2131,0
2132,4
2133,0
2134,0
2135,0
2136,0
2137,0
2138,0
2139,1
2140,0
2141,0
2142,0
2143,1
2144,2
2145,0
2146,0
2147,0
2148,0
2149,1
2150,0
2151,0
2152,0
2153,1
2154,1
2155,0
2156,0
2157,0
2158,0
2159,1
2160,0
2161,0
2162,1
2163,1
2164,0
2165,0
2166,3
2167,0
2168,1
2169,2
2170,0
2171,0
2172,0
2173,0
2174,1
2175,0
2176,0
2177,0
2178,2
2179,0
2180,0
2181,0
2182,0
2183,0
2184,0
2185,0
2186,0
2187,1
2188,0
2189,0
2190,0
2191,1
2192,0
2193,0
2194,3
2195,0
2196,0
2197,0
2198,0
2199,2
2200,2
2201,0
2202,0
2203,1
2204,1
2205,0
2206,1
2207,0
2208,1
2209,0
2210,0
2211,0
2212,0
2213,4
2214,0
2215,0
2216,1
2217,0
2218,0
2219,0
2220,2
2221,0
2222,0
2223,0
2224,0
2225,0
2226,0
2227,0
2228,0
2229,0
2230,0
2231,3
2232,0
2233,2
2234,0
2235,0
2236,1
2237,1
2238,1
2239,2
2240,0
2241,3
2242,1
2243,2
2244,1
2245,1
2246,1
2247,1
2248,3
2249,1
2250,2
2251,1
2252,0
2253,1
2254,0
2255,2
2256,2
2257,0
2258,0
2259,1
2260,3
2261,0
2262,2
2263,2
2264,0
2265,0
2266,0
2267,0
2268,1
2269,0
2270,0
2271,0
2272,4
2273,0
2274,1
2275,0
2276,1
2277,1
2278,0
2279,0
2280,1
2281,1
2282,0
2283,0
2284,0
2285,1
2286,3
2287,0
2288,2
2289,0
2290,0
2291,0
2292,0
2293,0
2294,0
2295,0
2296,0
2297,0
2298,2
2299,0
2300,2
2301,0
2302,0
2303,0
2304,0
2305,1
2306,0
2307,2
2308,0
2309,0
2310,2
2311,0
2312,0
2313,0
2314,0
2315,0
2316,0
2317,0
2318,0
2319,1
2320,1
2321,0
2322,1
2323,0
2324,0
2325,0
2326,0
2327,0
2328,3
2329,0
2330,0
2331,0
2332,1
2333,0
2334,0
2335,0
2336,1
2337,0
2338,0
2339,1
2340,1
2341,0
2342,0
2343,0
2344,0
2345,1
2346,2
2347,1
2348,1
2349,1
2350,0
2351,0
2352,0
2353,2
2354,1
2355,0
2356,0
2357,0
2358,1
2359,0
2360,0
2361,3
2362,1
2363,1
2364,0
2365,2
2366,0
2367,1
2368,0
2369,4
2370,1
2371,0
2372,0
2373,0
2374,2
2375,2
2376,2
2377,0
2378,1
2379,0
2380,0
2381,0
2382,0
2383,0
2384,0
2385,0
2386,0
2387,0
2388,0
2389,1
2390,0
2391,1
2392,1
2393,1
2394,0
2395,1
2396,0
2397,0
2398,2
2399,1
2400,0
2401,0
2402,0
2403,0
2404,0
2405,0
2406,0
2407,0
2408,0
2409,0
2410,3
2411,0
2412,2
2413,1
2414,0
2415,1
2416,0
2417,1
2418,2
2419,1
2420,0
2421,2
2422,2
2423,0
2424,0
2425,4
2426,0
2427,1
2428,3
2429,1
2430,3
2431,1
2432,2
2433,3
2434,1
2435,2
2436,0
2437,0
2438,0
2439,0
2440,0
2441,1
2442,2
2443,1
2444,2
2445,0
2446,2
2447,0
2448,0
2449,0
2450,1
2451,0
2452,1
2453,0
2454,1
2455,0
2456,0
2457,2
2458,0
2459,0
2460,1
2461,0
2462,1
2463,1
2464,0
2465,0
2466,0
2467,2
2468,0
2469,2
2470,1
2471,2
2472,1
2473,3
2474,0
2475,1
2476,0
2477,0
2478,3
2479,1
2480,0
2481,2
2482,1
2483,0
2484,0
2485,0
2486,2
2487,2
2488,1
2489,0
2490,1
2491,1
2492,0
2493,2
2494,0
2495,1
2496,0
2497,0
2498,2
2499,0
2500,0
2501,0
2502,0
2503,0
2504,0
2505,1
2506,1
2507,1
2508,0
2509,1
2510,0
2511,2
2512,0
2513,0
2514,0
2515,0
2516,3
2517,1
2518,3
2519,1
2520,1
2521,0
2522,0
2523,0
2524,0
2525,0
2526,3
2527,0
2528,1
2529,1
2530,0
2531,1
2532,0
2533,0
2534,0
2535,1
2536,2
2537,0
2538,2
2539,1
2540,0
2541,0
2542,0
2543,2
2544,0
2545,2
2546,0
2547,0
2548,0
2549,1
2550,0
2551,1
2552,0
2553,0
2554,0
2555,0
2556,0
2557,0
2558,2
2559,0
2560,0
2561,1
2562,0
2563,0
2564,0
2565,0
2566,1
2567,0
2568,1
2569,2
2570,2
2571,1
2572,0
2573,2
2574,1
2575,0
2576,0
2577,0
2578,0
2579,1
2580,0
2581,1
2582,0
2583,0
2584,0
2585,0
2586,0
2587,0
2588,0
2589,0
2590,0
2591,0
2592,0
2593,0
2594,0
2595,0
2596,0
2597,0
2598,0
2599,0
2600,0
2601,0
2602,0
2603,0
2604,0
2605,0
2606,0
2607,0
2608,2
2609,0
2610,0
2611,0
2612,0
2613,0
2614,0
2615,2
2616,0
2617,0
2618,1
2619,2
2620,0
2621,1
2622,0
2623,0
2624,1
2625,0
2626,0
2627,1
2628,0
2629,1
2630,0
2631,0
2632,1
2633,1
2634,0
2635,0
2636,0
2637,1
2638,1
2639,0
2640,1
2641,1
2642,0
2643,0
2644,0
2645,0
2646,2
2647,0
2648,0
2649,2
2650,3
2651,2
2652,2
2653,0
2654,0
2655,0
2656,1
2657,0
2658,1
2659,0
2660,2
2661,1
2662,0
2663,0
2664,0
2665,0
2666,0
2667,0
2668,0
2669,0
2670,0
2671,1
2672,1
2673,1
2674,3
2675,1
2676,0
2677,0
2678,0
2679,1
2680,0
2681,0
2682,0
2683,0
2684,1
2685,0
2686,0
2687,2
2688,1
2689,1
2690,1
2691,1
2692,3
2693,0
2694,0
2695,1
2696,1
2697,3
2698,1
2699,1
2700,0
2701,1
2702,0
2703,0
2704,1
2705,1
2706,0
2707,2
2708,3
2709,1
2710,1
2711,0
2712,1
2713,0
2714,0
2715,0
2716,0
2717,0
2718,0
2719,0
2720,0
2721,1
2722,0
2723,0
2724,0
2725,0
2726,0
2727,0
2728,0
2729,1
2730,0
2731,0
2732,0
2733,0
2734,0
2735,0
2736,0
2737,0
2738,0
2739,0
2740,2
2741,1
2742,0
2743,0
2744,1
2745,1
2746,0
2747,0
2748,4
2749,0
2750,0
2751,2
2752,4
2753,0
2754,0
2755,0
2756,1
2757,1
2758,0
2759,0
2760,0
2761,0
2762,0
2763,1
2764,0
2765,3
2766,2
2767,1
2768,0
2769,2
2770,0
2771,0
2772,0
2773,0
2774,1
2775,0
2776,0
2777,1
2778,1
2779,0
2780,0
2781,1
2782,0
2783,0
2784,0
2785,2
2786,1
2787,0
2788,0
2789,4
2790,0
2791,0
2792,0
2793,0
2794,1
2795,0
2796,0
2797,0
2798,0
2799,0
2800,1
2801,1
2802,0
2803,0
2804,0
2805,0
2806,0
2807,0
2808,1
2809,0
2810,1
2811,1
2812,0
2813,0
2814,2
2815,1
2816,0
2817,0
2818,0
2819,1
2820,0
2821,0
2822,1
2823,1
2824,2
2825,0
2826,0
2827,2
2828,0
2829,0
2830,0
2831,0
2832,0
2833,0
2834,0
2835,1
2836,0
2837,2
2838,0
2839,0
2840,0
2841,1
2842,0
2843,0
2844,0
2845,0
2846,0
2847,0
2848,0
2849,0
2850,0
2851,0
2852,0
2853,0
2854,0
2855,0
2856,0
2857,1
2858,1
2859,0
2860,1
2861,2
2862,1
2863,0
2864,2
2865,1
2866,1
2867,1
2868,0
2869,1
2870,1
2871,1
2872,0
2873,1
2874,2
2875,1
2876,0
2877,2
2878,0
2879,1
2880,2
2881,1
2882,1
2883,0
2884,0
2885,0
2886,0
2887,0
2888,1
2889,0
2890,0
2891,0
2892,2
2893,1
2894,0
2895,0
2896,2
2897,0
2898,1
2899,2
2900,0
2901,0
2902,1
2903,0
2904,0
2905,0
2906,1
2907,0
2908,2
2909,0
2910,0
2911,0
2912,0
2913,0
2914,0
2915,0
2916,0
2917,0
2918,0
2919,0
2920,0
2921,0
2922,0
2923,0
2924,0
2925,0
2926,0
2927,2
2928,0
2929,1
2930,0
2931,0
2932,1
2933,0
2934,0
2935,0
2936,1
2937,2
2938,0
2939,0
2940,2
2941,0
2942,2
2943,0
2944,1
2945,1
2946,0
2947,0
2948,2
2949,0
2950,0
2951,0
2952,0
2953,1
2954,0
2955,1
2956,0
2957,2
2958,1
2959,1
2960,0
2961,0
2962,1
2963,2
2964,0
2965,1
2966,0
2967,0
2968,0
2969,0
2970,0
2971,1
2972,3
2973,1
2974,0
2975,3
2976,2
2977,2
2978,0
2979,3
2980,0
2981,3
2982,0
2983,0
2984,1
2985,0
2986,1
2987,0
2988,1
2989,0
2990,1
2991,0
2992,0
2993,1
2994,0
2995,0
2996,0
2997,1
2998,0
2999,0
3000,0
3001,0
3002,0
3003,0
3004,1
3005,0
3006,0
3007,0
3008,0
3009,0
3010,0
3011,1
3012,1
3013,0
3014,0
3015,0
3016,0
3017,1
3018,1
3019,0
3020,0
3021,2
3022,0
3023,0
3024,1
3025,0
3026,0
3027,1
3028,2
3029,0
3030,1
3031,0
3032,0
3033,0
3034,0
3035,0
3036,1
3037,0
3038,0
3039,0
3040,0
3041,0
3042,0
3043,1
3044,0
3045,0
3046,0
3047,1
3048,0
3049,0
3050,0
3051,0
3052,0
3053,0
3054,0
3055,0
3056,0
3057,1
3058,0
3059,1
3060,0
3061,0
3062,0
3063,0
3064,1
3065,1
3066,0
3067,0
3068,1
3069,0
3070,0
3071,0
3072,0
3073,0
3074,0
3075,1
3076,0
3077,1
3078,0
3079,0
3080,0
3081,2
3082,1
3083,0
3084,1
3085,0
3086,0
3087,0
3088,0
3089,0
3090,0
3091,2
3092,1
3093,1
3094,2
3095,1
3096,2
3097,0
3098,0
3099,1
3100,0
3101,0
3102,0
3103,1
3104,1
3105,1
3106,0
3107,0
3108,0
3109,0
3110,0
3111,0
3112,1
3113,0
3114,1
3115,0
3116,1
3117,0
3118,0
3119,3
3120,1
3121,0
3122,0
3123,2
3124,1
3125,1
3126,2
3127,1
3128,0
3129,2
3130,1
3131,0
3132,0
3133,1
3134,0
3135,1
3136,1
3137,0
3138,0
3139,0
3140,3
3141,0
3142,0
3143,1
3144,0
3145,1
3146,0
3147,2
3148,1
3149,0
3150,0
3151,0
3152,1
3153,0
3154,0
3155,0
3156,1
3157,0
3158,2
3159,0
3160,2
3161,0
3162,0
3163,2
3164,0
3165,0
3166,1
3167,0
3168,3
3169,5
3170,1
3171,0
3172,1
3173,0
3174,0
3175,2
3176,1
3177,0
3178,0
3179,0
3180,0
3181,0
3182,2
3183,0
3184,0
3185,0
3186,0
3187,0
3188,0
3189,0
3190,0
3191,1
3192,0
3193,0
3194,0
3195,0
3196,1
3197,0
3198,0
3199,0
3200,0
3201,0
3202,0
3203,0
3204,0
3205,1
3206,3
3207,2
3208,0
3209,1
3210,0
3211,0
3212,1
3213,0
3214,0
3215,0
3216,2
3217,1
3218,1
3219,0
3220,0
3221,2
3222,0
3223,0
3224,1
3225,0
3226,1
3227,0
3228,1
3229,0
3230,2
3231,0
3232,0
3233,0
3234,1
3235,0
3236,0
3237,0
3238,2
3239,0
3240,0
3241,1
3242,2
3243,0
3244,0
3245,0
3246,1
3247,0
3248,1
3249,1
3250,0
3251,0
3252,0
3253,0
3254,0
3255,1
3256,1
3257,0
3258,0
3259,0
3260,0
3261,0
3262,1
3263,1
3264,1
3265,1
3266,0
3267,0
3268,0
3269,0
3270,0
3271,0
3272,0
3273,1
3274,1
3275,2
3276,0
3277,0
3278,0
3279,0
3280,1
3281,1
3282,0
3283,1
3284,0
3285,0
3286,1
3287,1
3288,1
3289,0
3290,1
3291,0
3292,2
3293,2
3294,1
3295,1
3296,0
3297,2
3298,0
3299,0
3300,2
3301,0
3302,0
3303,0
3304,2
3305,0
3306,0
3307,0
3308,0
3309,1
3310,0
3311,1
3312,1
3313,0
3314,0
3315,0
3316,0
3317,1
3318,0
3319,0
3320,0
3321,1
3322,0
3323,0
3324,0
3325,0
3326,1
3327,1
3328,0
3329,0
3330,0
3331,1
3332,0
3333,0
3334,2
3335,1
3336,3
3337,0
3338,0
3339,0
3340,2
3341,1
3342,0
3343,0
3344,1
3345,0
3346,1
3347,0
3348,0
3349,1
3350,1
3351,2
3352,1
3353,0
3354,0
3355,1
3356,1
3357,1
3358,0
3359,0
3360,1
3361,0
3362,2
3363,0
3364,0
3365,0
3366,1
3367,0
3368,0
3369,1
3370,0
3371,0
3372,3
3373,1
3374,3
3375,1
3376,0
3377,0
3378,0
3379,0
3380,1
3381,1
3382,0
3383,0
3384,0
3385,0
3386,2
3387,0
3388,1
3389,1
3390,0
3391,1
3392,0
3393,0
3394,0
3395,1
3396,1
3397,0
3398,2
3399,0
3400,1
3401,1
3402,0
3403,0
3404,2
3405,0
3406,1
3407,0
3408,0
3409,0
3410,0
3411,0
3412,0
3413,1
3414,0
3415,1
3416,0
3417,0
3418,1
3419,0
3420,4
3421,0
3422,2
3423,1
3424,0
3425,4
3426,1
3427,0
3428,3
3429,2
3430,1
3431,1
3432,2
3433,1
3434,0
3435,0
3436,0
3437,0
3438,0
3439,1
3440,2
3441,2
3442,1
3443,0
3444,0
3445,0
3446,0
3447,0
3448,0
3449,0
3450,0
3451,2
3452,0
3453,0
3454,0
3455,0
3456,1
3457,0
3458,1
3459,1
3460,0
3461,2
3462,0
3463,2
3464,1
3465,0
3466,1
3467,0
3468,1
3469,1
3470,2
3471,1
3472,3
3473,1
3474,2
3475,0
3476,0
3477,1
3478,1
3479,1
3480,1
3481,0
3482,0
3483,1
3484,0
3485,0
3486,0
3487,3
3488,3
3489,1
3490,0
3491,0
3492,0
3493,1
3494,0
3495,0
3496,0
3497,1
3498,0
3499,4
3500,0
3501,0
3502,1
3503,0
3504,1
3505,2
3506,0
3507,0
3508,0
3509,2
3510,0
3511,0
3512,2
3513,1
3514,1
3515,0
3516,1
3517,0
3518,0
3519,0
3520,0
3521,2
3522,0
3523,1
3524,0
3525,1
3526,0
3527,0
3528,1
3529,2
3530,0
3531,1
3532,0
3533,0
3534,1
3535,0
3536,0
3537,2
3538,0
3539,1
3540,0
3541,0
3542,1
3543,0
3544,0
3545,0
3546,1
3547,3
3548,0
3549,2
3550,1
3551,1
3552,0
3553,1
3554,1
3555,0
3556,2
3557,1
3558,3
3559,1
3560,0
3561,0
3562,0
3563,0
3564,0
3565,0
3566,2
3567,1
3568,0
3569,0
3570,0
3571,0
3572,1
3573,0
3574,3
3575,0
3576,1
3577,0
3578,1
3579,2
3580,0
3581,0
3582,0
3583,1
3584,1
3585,0
3586,1
3587,0
3588,1
3589,0
3590,2
3591,0
3592,0
3593,0
3594,0
3595,1
3596,1
3597,1
3598,1
3599,1
3600,1
3601,1
3602,1
3603,0
3604,0
3605,0
3606,0
3607,1
3608,0
3609,0
3610,0
3611,2
3612,1
3613,0
3614,0
3615,2
3616,2
3617,0
3618,0
3619,0
3620,0
3621,0
3622,1
3623,0
3624,0
3625,0
3626,0
3627,0
3628,0
3629,0
3630,0
3631,0
3632,1
3633,0
3634,0
3635,1
3636,0
3637,0
3638,2
3639,1
3640,0
3641,0
3642,0
3643,0
3644,0
3645,1
3646,0
3647,0
3648,0
3649,0
3650,2
3651,1
3652,0
3653,0
3654,0
3655,0
3656,1
3657,0
3658,0
3659,0
3660,0
3661,0
3662,1
3663,0
3664,2
3665,0
3666,1
3667,1
3668,0
3669,1
3670,1
3671,1
3672,1
3673,0
3674,0
3675,2
3676,0
3677,1
3678,1
3679,0
3680,6
3681,0
3682,1
3683,1
3684,1
3685,1
3686,0
3687,0
3688,0
3689,0
3690,2
3691,2
3692,0
3693,0
3694,1
3695,0
3696,1
3697,3
3698,0
3699,0
3700,0
3701,0
3702,2
3703,0
3704,1
3705,0
3706,1
3707,0
3708,2
3709,0
3710,0
3711,0
3712,0
3713,0
3714,0
3715,0
3716,0
3717,1
3718,0
3719,0
3720,1
3721,0
3722,0
3723,0
3724,0
3725,0
3726,0
3727,0
3728,0
3729,0
3730,0
3731,0
3732,1
3733,0
3734,2
3735,0
3736,0
3737,0
3738,0
3739,0
3740,0
3741,1
3742,0
3743,0
3744,0
3745,0
3746,1
3747,1
3748,0
3749,2
3750,0
3751,0
3752,2
3753,0
3754,1
3755,1
3756,0
3757,5
3758,1
3759,0
3760,0
3761,4
3762,0
3763,0
3764,1
3765,0
3766,0
3767,1
3768,1
3769,0
3770,1
3771,0
3772,0
3773,1
3774,0
3775,0
3776,0
3777,0
3778,0
3779,0
3780,2
3781,2
3782,0
3783,1
3784,1
3785,1
3786,1
3787,0
3788,0
3789,2
3790,2
3791,0
3792,1
3793,0
3794,3
3795,0
3796,0
3797,0
3798,0
3799,0
3800,5
3801,1
3802,0
3803,0
3804,0
3805,2
3806,0
3807,0
3808,1
3809,2
3810,1
3811,0
3812,0
3813,0
3814,0
3815,0
3816,0
3817,0
3818,0
3819,0
3820,0
3821,0
3822,0
3823,1
3824,0
3825,0
3826,0
3827,0
3828,0
3829,0
3830,0
3831,3
3832,1
3833,1
3834,0
3835,0
3836,0
3837,0
3838,0
3839,1
3840,0
3841,1
3842,0
3843,1
3844,1
3845,0
3846,1
3847,0
3848,1
3849,2
3850,0
3851,1
3852,0
3853,1
3854,0
3855,0
3856,0
3857,1
3858,1
3859,0
3860,1
3861,0
3862,0
3863,1
3864,0
3865,1
3866,0
3867,1
3868,0
3869,3
3870,1
3871,2
3872,0
3873,0
3874,3
3875,0
3876,0
3877,0
3878,0
3879,2
3880,1
3881,0
3882,2
3883,1
3884,1
3885,0
3886,1
3887,3
3888,2
3889,0
3890,0
3891,0
3892,0
3893,2
3894,0
3895,0
3896,0
3897,0
3898,0
3899,1
3900,1
3901,2
3902,2
3903,0
3904,1
3905,0
3906,1
3907,0
3908,0
3909,1
3910,0
3911,0
3912,0
3913,1
3914,0
3915,0
3916,2
3917,0
3918,0
3919,0
3920,0
3921,0
3922,0
3923,0
3924,0
3925,1
3926,0
3927,0
3928,0
3929,2
3930,0
3931,0
3932,0
3933,0
3934,0
3935,0
3936,0
3937,1
3938,0
3939,0
3940,0
3941,2
3942,1
3943,1
3944,0
3945,0
3946,0
3947,0
3948,0
3949,0
3950,1
3951,0
3952,2
3953,0
3954,0
3955,0
3956,0
3957,0
3958,0
3959,1
3960,0
3961,0
3962,0
3963,1
3964,0
3965,0
3966,0
3967,0
3968,0
3969,0
3970,0
3971,1
3972,0
3973,0
3974,3
3975,0
3976,0
3977,2
3978,0
3979,0
3980,0
3981,1
3982,0
3983,0
3984,0
3985,0
3986,0
3987,0
3988,0
3989,0
3990,0
3991,0
3992,2
3993,0
3994,0
3995,1
3996,0
3997,1
3998,1
3999,2
4000,0
4001,1
4002,0
4003,0
4004,0
4005,1
4006,3
4007,3
4008,0
4009,0
4010,4
4011,0
4012,0
4013,1
4014,2
4015,0
4016,1
4017,0
4018,1
4019,0
4020,0
4021,0
4022,0
4023,1
4024,0
4025,0
4026,0
4027,0
4028,0
4029,1
4030,2
4031,0
4032,0
4033,0
4034,3
4035,0
4036,0
4037,0
4038,1
4039,0
4040,0
4041,0
4042,2
4043,1
4044,4
4045,1
4046,0
4047,0
4048,0
4049,2
4050,0
4051,0
4052,1
4053,0
4054,0
4055,1
4056,3
4057,5
4058,0
4059,0
4060,0
4061,0
4062,0
4063,1
4064,4
4065,0
4066,0
4067,0
4068,0
4069,0
4070,0
4071,1
4072,1
4073,0
4074,0
4075,1
4076,0
4077,1
4078,0
4079,0
4080,0
4081,0
4082,0
4083,0
4084,1
4085,1
4086,2
4087,1
4088,0
4089,1
4090,0
4091,1
4092,3
4093,2
4094,2
4095,0
4096,0
4097,0
4098,0
4099,0
4100,0
4101,0
4102,1
4103,0
4104,0
4105,0
4106,0
4107,0
4108,1
4109,0
4110,0
4111,0
4112,0
4113,1
4114,1
4115,0
4116,0
4117,0
4118,0
4119,0
4120,2
4121,0
4122,0
4123,0
4124,0
4125,2
4126,0
4127,3
4128,0
4129,1
4130,0
4131,2
4132,0
4133,0
4134,0
4135,1
4136,0
4137,0
4138,1
4139,0
4140,0
4141,2
4142,1
4143,0
4144,0
4145,2
4146,2
4147,1
4148,0
4149,0
4150,0
4151,0
4152,0
4153,0
4154,0
4155,0
4156,3
4157,0
4158,1
4159,1
4160,0
4161,0
4162,0
4163,1
4164,0
4165,0
4166,1
4167,1
4168,0
4169,1
4170,2
4171,0
4172,1
4173,0
4174,1
4175,0
4176,0
4177,2
4178,2
4179,0
4180,0
4181,0
4182,1
4183,0
4184,0
4185,2
4186,0
4187,0
4188,3
4189,2
4190,0
4191,0
4192,0
4193,0
4194,0
4195,0
4196,0
4197,0
4198,1
4199,0
4200,1
4201,2
4202,0
4203,0
4204,0
4205,1
4206,0
4207,0
4208,1
4209,1
4210,0
4211,3
4212,1
4213,0
4214,0
4215,0
4216,0
4217,1
4218,0
4219,1
4220,1
4221,0
4222,0
4223,1
4224,0
4225,0
4226,0
4227,1
4228,0
4229,1
4230,0
4231,2
4232,3
4233,1
4234,2
4235,1
4236,0
4237,0
4238,2
4239,1
4240,0
4241,1
4242,0
4243,1
4244,0
4245,1
4246,0
4247,0
4248,0
4249,0
4250,0
4251,2
4252,1
4253,0
4254,0
4255,0
4256,0
4257,1
4258,2
4259,0
4260,0
4261,0
4262,0
4263,1
4264,0
4265,0
4266,3
4267,0
4268,0
4269,1
4270,0
4271,2
4272,1
4273,1
4274,3
4275,0
4276,1
4277,1
4278,0
4279,0
4280,0
4281,0
4282,0
4283,1
4284,0
4285,1
4286,1
4287,0
4288,0
4289,0
4290,1
4291,0
4292,0
4293,0
4294,0
4295,2
4296,0
4297,1
4298,0
4299,0
4300,0
4301,1
4302,0
4303,0
4304,1
4305,0
4306,1
4307,0
4308,1
4309,5
4310,0
4311,0
4312,1
4313,1
4314,1
4315,1
4316,0
4317,1
4318,1
4319,0
4320,1
4321,0
4322,1
4323,1
4324,2
4325,0
4326,1
4327,1
4328,2
4329,0
4330,0
4331,0
4332,1
4333,0
4334,0
4335,1
4336,1
4337,2
4338,1
4339,1
4340,0
4341,0
4342,1
4343,1
4344,0
4345,1
4346,0
4347,0
4348,0
4349,0
4350,0
4351,0
4352,1
4353,0
4354,0
4355,0
4356,3
4357,1
4358,1
4359,0
4360,0
4361,1
4362,1
4363,0
4364,0
4365,0
4366,0
4367,0
4368,1
4369,0
4370,1
4371,0
4372,0
4373,2
4374,0
4375,0
4376,1
4377,0
4378,0
4379,1
4380,1
4381,0
4382,1
4383,1
4384,2
4385,1
4386,0
4387,0
4388,0
4389,0
4390,0
4391,0
4392,0
4393,0
4394,1
4395,2
4396,2
4397,0
4398,0
4399,0
4400,0
4401,2
4402,0
4403,1
4404,0
4405,1
4406,0
4407,1
4408,1
4409,0
4410,0
4411,0
4412,1
4413,1
4414,2
4415,1
4416,2
4417,0
4418,1
4419,0
4420,1
4421,2
4422,1
4423,0
4424,1
4425,1
4426,0
4427,0
4428,0
4429,1
4430,0
4431,0
4432,0
4433,1
4434,0
4435,0
4436,0
4437,1
4438,0
4439,2
4440,0
4441,0
4442,0
4443,0
4444,1
4445,0
4446,0
4447,1
4448,2
4449,0
4450,2
4451,1
4452,0
4453,3
4454,1
4455,0
4456,0
4457,0
4458,3
4459,0
4460,1
4461,0
4462,0
4463,1
4464,0
4465,0
4466,1
4467,0
4468,1
4469,0
4470,0
4471,3
4472,0
4473,0
4474,1
4475,0
4476,0
4477,0
4478,0
4479,2
4480,1
4481,0
4482,0
4483,1
4484,3
4485,0
4486,1
4487,1
4488,4
4489,0
4490,2
4491,0
4492,0
4493,1
4494,1
4495,1
4496,1
4497,0
4498,0
4499,0
4500,0
4501,0
4502,1
4503,0
4504,0
4505,0
4506,1
4507,0
4508,0
4509,1
4510,0
4511,0
4512,3
4513,0
4514,0
4515,0
4516,0
4517,1
4518,0
4519,0
4520,0
4521,0
4522,1
4523,0
4524,2
4525,0
4526,0
4527,0
4528,0
4529,0
4530,0
4531,0
4532,0
4533,0
4534,0
4535,1
4536,1
4537,0
4538,0
4539,0
4540,0
4541,0
4542,1
4543,0
4544,2
4545,0
4546,2
4547,0
4548,2
4549,0
4550,0
4551,0
4552,0
4553,1
4554,2
4555,0
4556,1
4557,0
4558,3
4559,3
4560,1
4561,0
4562,2
4563,1
4564,0
4565,0
4566,1
4567,2
4568,0
4569,0
4570,1
4571,0
4572,0
4573,2
4574,0
4575,1
4576,0
4577,0
4578,1
4579,1
4580,0
4581,0
4582,0
4583,1
4584,1
4585,0
4586,1
4587,0
4588,0
4589,0
4590,0
4591,0
4592,0
4593,0
4594,0
4595,0
4596,0
4597,0
4598,0
4599,1
4600,0
4601,0
4602,0
4603,0
4604,1
4605,0
4606,1
4607,1
4608,0
4609,0
4610,1
4611,0
4612,0
4613,1
4614,0
4615,1
4616,0
4617,0
4618,2
4619,0
4620,1
4621,1
4622,0
4623,0
4624,2
4625,0
4626,1
4627,0
4628,0
4629,0
4630,1
4631,1
4632,0
4633,2
4634,1
4635,0
4636,0
4637,2
4638,0
4639,0
4640,0
4641,0
4642,0
4643,0
4644,1
4645,1
4646,1
4647,0
4648,0
4649,0
4650,0
4651,1
4652,0
4653,0
4654,1
4655,0
4656,0
4657,0
4658,1
4659,0
4660,1
4661,3
4662,0
4663,0
4664,0
4665,1
4666,0
4667,0
4668,0
4669,2
4670,0
4671,0
4672,0
4673,0
4674,0
4675,1
4676,1
4677,1
4678,2
4679,0
4680,2
4681,1
4682,1
4683,0
4684,5
4685,0
4686,0
4687,3
4688,3
4689,2
4690,1
4691,0
4692,0
4693,0
4694,0
4695,2
4696,0
4697,0
4698,0
4699,0
4700,0
4701,0
4702,0
4703,0
4704,0
4705,1
4706,0
4707,0
4708,0
4709,0
4710,1
4711,0
4712,0
4713,0
4714,0
4715,0
4716,0
4717,0
4718,0
4719,0
4720,0
4721,0
4722,1
4723,2
4724,1
4725,1
4726,1
4727,1
4728,1
4729,0
4730,0
4731,0
4732,1
4733,3
4734,0
4735,2
4736,0
4737,1
4738,1
4739,1
4740,0
4741,2
4742,0
4743,0
4744,0
4745,1
4746,2
4747,0
4748,0
4749,0
4750,1
4751,0
4752,1
4753,0
4754,1
4755,0
4756,1
4757,1
4758,1
4759,0
4760,0
4761,0
4762,1
4763,1
4764,0
4765,1
4766,2
4767,0
4768,0
4769,0
4770,1
4771,1
4772,0
4773,1
4774,1
4775,1
4776,0
4777,0
4778,3
4779,0
4780,0
4781,1
4782,1
4783,0
4784,0
4785,0
4786,0
4787,0
4788,0
4789,1
4790,0
4791,1
4792,0
4793,3
4794,0
4795,0
4796,0
4797,0
4798,0
4799,1
4800,0
4801,0
4802,0
4803,2
4804,0
4805,0
4806,0
4807,2
4808,0
4809,0
4810,0
4811,0
4812,1
4813,0
4814,0
4815,0
4816,2
4817,0
4818,0
4819,0
4820,0
4821,0
4822,1
4823,1
4824,1
4825,0
4826,0
4827,0
4828,1
4829,1
4830,0
4831,0
4832,0
4833,1
4834,0
4835,0
4836,1
4837,0
4838,0
4839,1
4840,1
4841,2
4842,0
4843,1
4844,0
4845,0
4846,0
4847,0
4848,0
4849,0
4850,0
4851,0
4852,0
4853,0
4854,0
4855,2
4856,0
4857,0
4858,0
4859,0
4860,0
4861,0
4862,0
4863,0
4864,0
4865,0
4866,0
4867,0
4868,1
4869,0
4870,0
4871,0
4872,2
4873,0
4874,0
4875,0
4876,0
4877,3
4878,1
4879,1
4880,0
4881,0
4882,0
4883,0
4884,0
4885,1
4886,0
4887,0
4888,1
4889,0
4890,0
4891,0
4892,0
4893,1
4894,0
4895,1
4896,0
4897,0
4898,0
4899,0
4900,1
4901,1
4902,1
4903,1
4904,1
4905,0
4906,1
4907,3
4908,0
4909,0
4910,1
4911,1
4912,0
4913,2
4914,1
4915,0
4916,0
4917,0
4918,0
4919,1
4920,0
4921,0
4922,0
4923,1
4924,3
4925,0
4926,0
4927,0
4928,0
4929,0
4930,1
4931,0
4932,0
4933,0
4934,0
4935,1
4936,0
4937,0
4938,1
4939,1
4940,1
4941,1
4942,0
4943,1
4944,1
4945,0
4946,0
4947,0
4948,0
4949,0
4950,0
4951,0
4952,0
4953,1
4954,0
4955,2
4956,1
4957,1
4958,3
4959,0
4960,2
4961,0
4962,0
4963,1
4964,0
4965,1
4966,1
4967,0
4968,1
4969,0
4970,2
4971,0
4972,3
4973,1
4974,0
4975,1
4976,0
4977,2
4978,1
4979,0
4980,0
4981,1
4982,1
4983,1
4984,2
4985,2
4986,3
4987,2
4988,1
4989,0
4990,1
4991,0
4992,0
4993,0
4994,0
4995,0
4996,0
4997,2
4998,0
4999,0
5000,0
5001,0
5002,0
5003,0
5004,0
5005,0
5006,1
5007,0
5008,3
5009,0
5010,0
5011,0
5012,2
5013,0
5014,1
5015,0
5016,0
5017,1
5018,1
5019,0
5020,0
5021,0
5022,0
5023,0
5024,0
5025,0
5026,1
5027,3
5028,0
5029,0
5030,0
5031,0
5032,0
5033,0
5034,1
5035,0
5036,0
5037,1
5038,0
5039,0
5040,0
5041,0
5042,0
5043,1
5044,0
5045,1
5046,0
5047,0
5048,1
5049,0
5050,0
5051,0
5052,0
5053,0
5054,0
5055,0
5056,0
5057,1
5058,0
5059,2
5060,1
5061,0
5062,1
5063,1
5064,0
5065,0
5066,0
5067,0
5068,1
5069,0
5070,1
5071,0
5072,0
5073,0
5074,0
5075,2
5076,1
5077,1
5078,1
5079,0
5080,0
5081,0
5082,0
5083,0
5084,1
5085,1
5086,3
5087,0
5088,2
5089,2
5090,0
5091,0
5092,1
5093,1
5094,0
5095,0
5096,2
5097,0
5098,0
5099,0
5100,0
5101,2
5102,0
5103,0
5104,1
5105,2
5106,1
5107,0
5108,1
5109,2
5110,1
5111,0
5112,0
5113,0
5114,0
5115,0
5116,1
5117,3
5118,1
5119,1
5120,0
5121,0
5122,0
5123,0
5124,0
5125,1
5126,0
5127,0
5128,0
5129,0
5130,0
5131,1
5132,1
5133,0
5134,0
5135,1
5136,1
5137,1
5138,0
5139,0
5140,0
5141,0
5142,0
5143,0
5144,0
5145,0
5146,0
5147,0
5148,0
5149,1
5150,1
5151,2
5152,0
5153,0
5154,0
5155,1
5156,1
5157,0
5158,1
5159,0
5160,1
5161,0
5162,0
5163,0
5164,0
5165,0
5166,0
5167,0
5168,0
5169,0
5170,0
5171,0
5172,0
5173,1
5174,0
5175,0
5176,0
5177,0
5178,0
5179,1
5180,0
5181,0
5182,1
5183,0
5184,0
5185,0
5186,2
5187,0
5188,1
5189,1
5190,0
5191,0
5192,3
5193,0
5194,1
5195,2
5196,1
5197,0
5198,1
5199,1
5200,0
5201,0
5202,0
5203,0
5204,0
5205,0
5206,0
5207,2
5208,0
5209,0
5210,0
5211,2
5212,0
5213,2
5214,0
5215,1
5216,0
5217,2
5218,0
5219,5
5220,1
5221,0
5222,0
5223,1
5224,0
5225,0
5226,0
5227,0
5228,0
5229,0
5230,0
5231,0
5232,1
5233,1
5234,0
5235,0
5236,1
5237,2
5238,0
5239,2
5240,0
5241,0
5242,0
5243,0
5244,0
5245,1
5246,4
5247,0
5248,0
5249,0
5250,1
5251,0
5252,0
5253,1
5254,0
5255,1
5256,0
5257,3
5258,0
5259,0
5260,0
5261,2
5262,1
5263,2
5264,3
5265,2
5266,1
5267,0
5268,0
5269,1
5270,0
5271,0
5272,0
5273,0
5274,1
5275,0
5276,0
5277,0
5278,0
5279,0
5280,0
5281,0
5282,0
5283,0
5284,0
5285,0
5286,0
5287,0
5288,2
5289,0
5290,3
5291,0
5292,1
5293,0
5294,0
5295,0
5296,1
5297,0
5298,0
5299,0
5300,1
5301,0
5302,0
5303,5
5304,0
5305,1
5306,0
5307,0
5308,1
5309,0
5310,0
5311,0
5312,1
5313,2
5314,0
5315,0
5316,1
5317,0
5318,1
5319,0
5320,0
5321,0
5322,2
5323,0
5324,1
5325,1
5326,2
5327,0
5328,2
5329,0
5330,0
5331,0
5332,0
5333,1
5334,2
5335,2
5336,0
5337,0
5338,0
5339,0
5340,0
5341,0
5342,0
5343,0
5344,0
5345,0
5346,0
5347,0
5348,0
5349,1
5350,2
5351,0
5352,0
5353,0
5354,1
5355,0
5356,2
5357,0
5358,2
5359,1
5360,1
5361,0
5362,0
5363,0
5364,0
5365,2
5366,0
5367,1
5368,2
5369,2
5370,0
5371,1
5372,1
5373,1
5374,0
5375,1
5376,2
5377,2
5378,0
5379,1
5380,0
5381,0
5382,0
5383,0
5384,0
5385,2
5386,0
5387,1
5388,1
5389,0
5390,0
5391,0
5392,0
5393,0
5394,0
5395,0
5396,0
5397,1
5398,0
5399,0
5400,0
5401,1
5402,0
5403,0
5404,1
5405,1
5406,0
5407,1
5408,2
5409,0
5410,1
5411,0
5412,0
5413,1
5414,0
5415,1
5416,0
5417,2
5418,0
5419,0
5420,0
5421,0
5422,1
5423,0
5424,0
5425,1
5426,0
5427,0
5428,0
5429,0
5430,0
5431,0
5432,0
5433,0
5434,0
5435,1
5436,0
5437,0
5438,4
5439,0
5440,1
5441,2
5442,1
5443,0
5444,0
5445,1
5446,0
5447,1
5448,0
5449,0
5450,0
5451,0
5452,0
5453,0
5454,0
5455,0
5456,0
5457,1
5458,1
5459,0
5460,1
5461,0
5462,1
5463,1
5464,0
5465,1
5466,0
5467,0
5468,0
5469,2
5470,0
5471,0
5472,0
5473,0
5474,1
5475,1
5476,0
5477,0
5478,0
5479,0
5480,0
5481,0
5482,0
5483,0
5484,0
5485,0
5486,2
5487,0
5488,0
5489,0
5490,1
5491,1
5492,0
5493,0
5494,0
5495,2
5496,1
5497,0
5498,0
5499,0
5500,0
5501,0
5502,1
5503,0
5504,0
5505,1
5506,0
5507,5
5508,1
5509,0
5510,0
5511,0
5512,0
5513,0
5514,1
5515,0
5516,0
5517,2
5518,1
5519,0
5520,3
5521,5
5522,1
5523,0
5524,0
5525,0
5526,4
5527,0
5528,0
5529,0
5530,1
5531,0
5532,0
5533,1
5534,0
5535,1
5536,0
5537,1
5538,1
5539,1
5540,0
5541,1
5542,0
5543,1
5544,0
5545,0
5546,0
5547,0
5548,0
5549,1
5550,0
5551,0
5552,2
5553,1
5554,1
5555,4
5556,1
5557,1
5558,0
5559,0
5560,1
5561,1
5562,0
5563,0
5564,0
5565,3
5566,0
5567,5
5568,3
5569,3
5570,4
5571,1
5572,1
5573,1
5574,1
5575,0
5576,2
5577,1
5578,0
5579,0
5580,0
5581,0
5582,2
5583,1
5584,0
5585,0
5586,0
5587,0
5588,1
5589,1
5590,0
5591,2
5592,0
5593,1
5594,1
5595,0
5596,2
5597,0
5598,0
5599,1
5600,0
5601,1
5602,0
5603,0
5604,1
5605,0
5606,1
5607,1
5608,0
5609,2
5610,0
5611,0
5612,0
5613,0
5614,0
5615,1
5616,0
5617,1
5618,0
5619,1
5620,0
5621,2
5622,0
5623,0
5624,1
5625,0
5626,0
5627,2
5628,0
5629,0
5630,0
5631,0
5632,1
5633,1
5634,0
5635,0
5636,0
5637,0
5638,0
5639,0
5640,0
5641,0
5642,0
5643,0
5644,0
5645,1
5646,0
5647,0
5648,0
5649,2
5650,0
5651,0
5652,1
5653,0
5654,1
5655,0
5656,0
5657,1
5658,1
5659,0
5660,1
5661,1
5662,0
5663,0
5664,0
5665,1
5666,1
5667,0
5668,0
5669,0
5670,1
5671,1
5672,1
5673,1
5674,1
5675,0
5676,1
5677,1
5678,0
5679,2
5680,2
5681,0
5682,0
5683,1
5684,0
5685,0
5686,0
5687,1
5688,0
5689,0
5690,0
5691,2
5692,0
5693,1
5694,1
5695,1
5696,0
5697,0
5698,0
5699,0
5700,0
5701,0
5702,0
5703,0
5704,1
5705,1
5706,0
5707,1
5708,1
5709,0
5710,1
5711,1
5712,0
5713,1
5714,1
5715,0
5716,0
5717,0
5718,2
5719,0
5720,1
5721,1
5722,0
5723,1
5724,0
5725,1
5726,0
5727,0
5728,2
5729,0
5730,0
5731,2
5732,2
5733,1
5734,0
5735,0
5736,1
5737,0
5738,0
5739,1
5740,0
5741,0
5742,0
5743,1
5744,2
5745,2
5746,0
5747,1
5748,1
5749,0
5750,0
5751,0
5752,1
5753,1
5754,0
5755,1
5756,0
5757,0
5758,1
5759,0
5760,0
5761,0
5762,2
5763,1
5764,1
5765,0
5766,0
5767,1
5768,0
5769,1
5770,1
5771,1
5772,0
5773,0
5774,0
5775,1
5776,0
5777,0
5778,0
5779,0
5780,0
5781,0
5782,1
5783,1
5784,0
5785,0
5786,0
5787,2
5788,0
5789,1
5790,1
5791,0
5792,0
5793,0
5794,0
5795,0
5796,1
5797,0
5798,0
5799,0
5800,0
5801,1
5802,1
5803,0
5804,0
5805,0
5806,0
5807,4
5808,0
5809,1
5810,0
5811,0
5812,1
5813,0
5814,0
5815,0
5816,0
5817,2
5818,0
5819,1
5820,0
5821,1
5822,1
5823,2
5824,2
5825,1
5826,0
5827,2
5828,0
5829,0
5830,1
5831,0
5832,0
5833,0
5834,0
5835,2
5836,2
5837,1
5838,0
5839,1
5840,5
5841,2
5842,1
5843,0
5844,3
5845,0
5846,0
5847,0
5848,0
5849,0
5850,0
5851,1
5852,2
5853,0
5854,0
5855,0
5856,2
5857,0
5858,1
5859,0
5860,0
5861,0
5862,0
5863,0
5864,3
5865,2
5866,4
5867,0
5868,0
5869,1
5870,0
5871,0
5872,0
5873,0
5874,0
5875,0
5876,0
5877,1
5878,0
5879,0
5880,0
5881,0
5882,0
5883,0
5884,0
5885,0
5886,0
5887,0
5888,0
5889,0
5890,2
5891,0
5892,1
5893,0
5894,4
5895,0
5896,0
5897,1
5898,3
5899,0
5900,3
5901,0
5902,2
5903,0
5904,0
5905,0
5906,1
5907,1
5908,0
5909,1
5910,1
5911,0
5912,2
5913,2
5914,0
5915,0
5916,1
5917,0
5918,2
5919,1
5920,0
5921,0
5922,0
5923,1
5924,0
5925,1
5926,0
5927,0
5928,0
5929,0
5930,0
5931,3
5932,0
5933,1
5934,0
5935,0
5936,1
5937,0
5938,0
5939,1
5940,0
5941,1
5942,0
5943,0
5944,1
5945,0
5946,0
5947,2
5948,0
5949,0
5950,1
5951,2
5952,3
5953,0
5954,0
5955,0
5956,0
5957,0
5958,0
5959,1
5960,1
5961,1
5962,0
5963,0
5964,0
5965,0
5966,1
5967,3
5968,3
5969,1
5970,0
5971,0
5972,1
5973,0
5974,0
5975,0
5976,0
5977,1
5978,1
5979,2
5980,1
5981,0
5982,1
5983,0
5984,0
5985,0
5986,1
5987,0
5988,0
5989,0
5990,1
5991,0
5992,2
5993,0
5994,0
5995,0
5996,0
5997,0
5998,0
5999,0
6000,0
6001,0
6002,1
6003,1
6004,3
6005,0
6006,1
6007,0
6008,1
6009,0
6010,3
6011,0
6012,0
6013,1
6014,0
6015,0
6016,1
6017,1
6018,1
6019,1
6020,2
6021,0
6022,1
6023,1
6024,0
6025,0
6026,0
6027,1
6028,0
6029,0
6030,0
6031,3
6032,0
6033,0
6034,1
6035,3
6036,0
6037,0
6038,1
6039,1
6040,2
6041,0
6042,0
6043,0
6044,0
6045,1
6046,1
6047,0
6048,0
6049,0
6050,0
6051,2
6052,0
6053,1
6054,0
6055,0
6056,2
6057,1
6058,2
6059,2
6060,0
6061,0
6062,1
6063,1
6064,2
6065,1
6066,2
6067,1
6068,0
6069,0
6070,1
6071,1
6072,1
6073,0
6074,0
6075,0
6076,1
6077,0
6078,0
6079,0
6080,0
6081,0
6082,0
6083,0
6084,1
6085,0
6086,0
6087,0
6088,1
6089,1
6090,0
6091,1
6092,0
6093,0
6094,0
6095,0
6096,1
6097,0
6098,0
6099,0
6100,1
6101,1
6102,0
6103,3
6104,5
6105,0
6106,3
6107,1
6108,0
6109,0
6110,0
6111,0
6112,0
6113,0
6114,0
6115,0
6116,0
6117,0
6118,2
6119,1
6120,1
6121,1
6122,0
6123,0
6124,0
6125,0
6126,0
6127,2
6128,0
6129,0
6130,1
6131,0
6132,0
6133,0
6134,3
6135,0
6136,1
6137,0
6138,2
6139,0
6140,0
6141,0
6142,0
6143,0
6144,3
6145,1
6146,0
6147,0
6148,3
6149,0
6150,0
6151,0
6152,0
6153,1
6154,0
6155,1
6156,0
6157,0
6158,1
6159,0
6160,0
6161,0
6162,0
6163,0
6164,0
6165,0
6166,0
6167,1
6168,0
6169,0
6170,0
6171,0
6172,0
6173,1
6174,1
6175,0
6176,0
6177,0
6178,0
6179,0
6180,0
6181,0
6182,0
6183,0
6184,1
6185,0
6186,0
6187,0
6188,0
6189,2
6190,0
6191,0
6192,3
6193,0
6194,1
6195,0
6196,1
6197,0
6198,0
6199,2
6200,2
6201,0
6202,0
6203,1
6204,2
6205,0
6206,0
6207,0
6208,0
6209,0
6210,0
6211,1
6212,0
6213,0
6214,0
6215,1
6216,0
6217,2
6218,1
6219,0
6220,1
6221,2
6222,2
6223,0
6224,0
6225,1
6226,1
6227,0
6228,0
6229,0
6230,1
6231,0
6232,0
6233,0
6234,0
6235,0
6236,0
6237,1
6238,1
6239,2
6240,0
6241,1
6242,2
6243,2
6244,0
6245,0
6246,2
6247,2
6248,3
6249,3
6250,2
6251,1
6252,0
6253,0
6254,0
6255,1
6256,0
6257,1
6258,1
6259,1
6260,1
6261,2
6262,0
6263,0
6264,1
6265,2
6266,2
6267,0
6268,0
6269,0
6270,1
6271,0
6272,0
6273,0
6274,1
6275,0
6276,0
6277,0
6278,1
6279,0
6280,1
6281,0
6282,1
6283,0
6284,0
6285,0
6286,0
6287,1
6288,0
6289,0
6290,0
6291,0
6292,2
6293,0
6294,2
6295,0
6296,2
6297,0
6298,1
6299,1
6300,0
6301,1
6302,1
6303,0
6304,0
6305,0
6306,1
6307,0
6308,1
6309,0
6310,1
6311,0
6312,0
6313,0
6314,0
6315,0
6316,0
6317,1
6318,0
6319,0
6320,1
6321,0
6322,0
6323,1
6324,0
6325,0
6326,1
6327,0
6328,0
6329,0
6330,0
6331,0
6332,0
6333,0
6334,0
6335,0
6336,0
6337,0
6338,0
6339,1
6340,0
6341,0
6342,2
6343,0
6344,0
6345,1
6346,0
6347,0
6348,1
6349,1
6350,1
6351,2
6352,0
6353,0
6354,0
6355,0
6356,0
6357,1
6358,0
6359,0
6360,1
6361,1
6362,0
6363,0
6364,1
6365,2
6366,0
6367,1
6368,2
6369,0
6370,2
6371,1
6372,2
6373,0
6374,1
6375,0
6376,1
6377,1
6378,1
6379,0
6380,2
6381,0
6382,0
6383,3
6384,0
6385,0
6386,0
6387,0
6388,0
6389,0
6390,1
6391,0
6392,0
6393,0
6394,0
6395,0
6396,2
6397,1
6398,1
6399,0
6400,1
6401,0
6402,2
6403,0
6404,2
6405,0
6406,1
6407,0
6408,0
6409,0
6410,2
6411,0
6412,0
6413,0
6414,0
6415,0
6416,0
6417,0
6418,0
6419,0
6420,0
6421,0
6422,0
6423,0
6424,0
6425,2
6427,0
6428,0
6429,5
6430,0
6431,2
6432,0
6433,0
6434,0
6435,3
6436,0
6437,0
6438,0
6439,0
6440,0
6441,2
6442,1
6443,0
6444,2
6445,0
6446,0
6447,3
6448,1
6449,0
6450,0
6451,0
6452,0
6453,0
6454,0
6455,0
6456,1
6457,2
6458,0
6459,1
6460,1
6461,0
6462,0
6463,0
6464,3
6465,1
6466,0
6467,1
6468,0
6469,1
6470,1
6471,0
6472,1
6473,1
6474,1
6475,0
6476,1
6477,0
6478,0
6479,0
6480,0
6481,0
6482,1
6483,2
6484,1
6485,0
6486,1
6487,0
6488,1
6489,1
6490,0
6491,1
6492,1
6493,0
6494,1
6495,1
6496,0
6497,1
6498,0
6499,0
6500,0
6501,2
6502,0
6503,1
6504,0
6505,1
6506,0
6507,0
6508,0
6509,0
6510,0
6511,0
6512,0
6513,4
6514,1
6515,1
6516,1
6517,0
6518,1
6519,0
6520,2
6521,0
6522,0
6523,0
6524,1
6525,1
6526,0
6527,1
6528,0
6529,0
6530,0
6531,1
6532,1
6533,0
6534,0
6535,0
6536,1
6537,1
6538,0
6539,0
6540,3
6541,0
6542,0
6543,0
6544,0
6545,1
6546,0
6547,1
6548,0
6549,1
6550,0
6551,0
6552,0
6553,0
6554,1
6555,1
6556,0
6557,0
6558,1
6559,0
6560,0
6561,1
6562,0
6563,0
6564,0
6565,0
6566,0
6567,1
6568,0
6569,1
6570,1
6571,1
6572,3
6573,3
6574,0
6575,0
6576,0
6577,0
6578,0
6579,0
6580,1
6581,2
6582,0
6583,0
6584,0
6585,1
6586,0
6587,0
6588,0
6589,0
6590,0
6591,0
6592,0
6593,0
6594,0
6595,0
6596,1
6597,0
6598,0
6599,0
6600,0
6601,1
6602,3
6603,1
6604,0
6605,0
6606,0
6607,0
6608,0
6609,0
6610,0
6611,0
6612,0
6613,0
6614,0
6615,1
6616,2
6617,1
6618,0
6619,1
6620,1
6621,0
6622,1
6623,0
6624,0
6625,2
6626,1
6627,0
6628,0
6629,0
6630,1
6631,0
6632,0
6633,0
6634,0
6635,0
6636,0
6637,0
6638,1
6639,0
6640,0
6641,0
6642,1
6643,0
6644,0
6645,2
6646,1
6647,2
6648,0
6649,0
6650,0
6651,1
6652,0
6653,0
6654,0
6655,1
6656,0
6657,0
6658,0
6659,3
6660,1
6661,0
6662,0
6663,0
6664,1
6665,2
6666,1
6667,1
6668,1
6669,0
6670,1
6671,2
6672,0
6673,0
6674,0
6675,1
6676,2
6677,0
6678,0
6679,0
6680,0
6681,0
6682,1
6683,0
6684,0
6685,1
6686,1
6687,0
6688,0
6689,0
6690,0
6691,0
6692,2
6693,0
6694,0
6695,2
6696,0
6697,0
6698,1
6699,0
6700,0
6701,1
6702,0
6703,1
6704,0
6705,0
6706,0
6707,0
6708,0
6709,0
6710,3
6711,0
6712,0
6713,0
6714,1
6715,0
6716,0
6717,1
6718,1
6719,0
6720,0
6721,0
6722,1
6723,1
6724,0
6725,0
6726,0
6727,0
6728,0
6729,0
6730,2
6731,2
6732,0
6733,0
6734,0
6735,0
6736,0
6737,0
6738,0
6739,0
6740,0
6741,1
6742,0
6743,0
6744,0
6745,0
6746,0
6747,0
6748,1
6749,1
6750,0
6751,0
6752,0
6753,0
6754,1
6755,0
6756,0
6757,0
6758,1
6759,2
6760,0
6761,1
6762,2
6763,0
6764,0
6765,0
6766,0
6767,0
6768,1
6769,0
6770,0
6771,2
6772,4
6773,1
6774,0
6775,1
6776,1
6777,1
6778,0
6779,0
6780,3
6781,0
6782,1
6783,1
6784,0
6785,0
6786,1
6787,0
6788,4
6789,0
6790,1
6791,0
6792,0
6793,0
6794,0
6795,2
6796,1
6797,1
6798,0
6799,0
6800,0
6801,0
6802,1
6803,0
6804,0
6805,0
6806,0
6807,0
6808,0
6809,0
6810,0
6811,2
6812,0
6813,0
6814,0
6815,0
6816,0
6817,1
6818,0
6819,2
6820,0
6821,0
6822,2
6823,1
6824,2
6825,1
6826,1
6827,0
6828,0
6829,0
6830,0
6831,1
6832,0
6833,1
6834,2
6835,0
6836,0
6837,0
6838,2
6839,0
6840,0
6841,0
6842,0
6843,2
6844,0
6845,1
6846,0
6847,0
6848,0
6849,1
6850,0
6851,0
6852,0
6853,1
6854,0
6855,2
6856,1
6857,0
6858,2
6859,0
6860,0
6861,0
6862,0
6863,2
6864,0
6865,0
6866,0
6867,0
6868,0
6869,0
6870,1
6871,0
6872,0
6873,0
6874,0
6875,0
6876,0
6877,0
6878,1
6879,0
6880,0
6881,0
6882,0
6883,0
6884,0
6885,0
6886,0
6887,0
6888,1
6889,0
6890,0
6891,1
6892,0
6893,0
6894,0
6895,0
6896,0
6897,1
6898,1
6899,0
6900,1
6901,0
6902,0
6903,0
6904,0
6905,0
6906,0
6907,0
6908,0
6909,1
6910,0
6911,0
6912,0
6913,0
6914,0
6915,0
6916,1
6917,0
6918,0
6919,2
6920,0
6921,0
6922,0
6923,1
6924,0
6925,0
6926,0
6927,1
6928,1
6929,1
6930,1
6931,0
6932,0
6933,1
6934,2
6935,1
6936,0
6937,3
6938,1
6939,1
6940,1
6941,2
6942,1
6943,0
6944,1
6945,0
6946,1
6947,0
6948,0
6949,0
6950,1
6951,2
6952,0
6953,0
6954,0
6955,0
6956,0
6957,0
6958,0
6959,1
6960,0
6961,0
6962,0
6963,0
6964,1
6965,0
6966,0
6967,0
6968,0
6969,0
6970,0
6971,0
6972,0
6973,0
6974,0
6975,0
6976,0
6977,0
6978,0
6979,0
6980,2
6981,1
6982,1
6983,1
6984,2
6985,3
6986,0
6987,2
6988,1
6989,1
6990,0
6991,1
6992,1
6993,1
6994,3
6995,0
6996,1
6997,0
6998,3
6999,0
7000,1
7001,1
7002,1
7003,4
7004,4
7005,0
7006,1
7007,0
7008,0
7009,2
7010,1
7011,1
7012,1
7013,1
7014,0
7015,2
7016,0
7017,0
7018,0
7019,0
7020,0
7021,2
7022,0
7023,0
7024,1
7025,2
7026,2
7027,1
7028,1
7029,1
7030,0
7031,1
7032,0
7033,0
7034,2
7035,0
7036,0
7037,0
7038,0
7039,1
7040,0
7041,2
7042,0
7043,0
7044,0
7045,0
7046,0
7047,0
7048,1
7049,3
7050,1
7051,1
7052,0
7053,0
7054,1
7055,2
7056,0
7057,0
7058,1
7059,2
7060,1
7061,1
7062,0
7063,1
7064,0
7065,0
7066,1
7067,0
7068,0
7069,1
7070,0
7071,1
7072,1
7073,0
7074,0
7075,0
7076,0
7077,0
7078,0
7079,0
7080,0
7081,0
7082,3
7083,1
7084,0
7085,0
7086,1
7087,0
7088,1
7089,0
7090,1
7091,1
7092,1
7093,0
7094,1
7095,0
7096,1
7097,0
7098,0
7099,0
7100,0
7101,0
7102,0
7103,1
7104,1
7105,0
7106,0
7107,0
7108,0
7109,0
7110,1
7111,0
7112,0
7113,1
7114,0
7115,1
7116,0
7117,0
7118,0
7119,0
7120,1
7121,2
7122,0
7123,0
7124,0
7125,0
7126,0
7127,0
7128,0
7129,1
7130,0
7131,1
7132,0
7133,1
7134,2
7135,2
7136,2
7137,0
7138,0
7139,0
7140,0
7141,0
7142,2
7143,1
7144,0
7145,1
7146,1
7147,0
7148,0
7149,1
7150,2
7151,2
7152,1
7153,0
7154,1
7155,0
7156,0
7157,0
7158,0
7159,0
7160,1
7161,0
7162,2
7163,1
7164,0
7165,1
7166,1
7167,1
7168,0
7169,1
7170,2
7171,0
7172,2
7173,0
7174,0
7175,1
7176,1
7177,0
7178,0
7179,0
7180,1
7181,1
7182,0
7183,0
7184,0
7185,1
7186,1
7187,2
7188,1
7189,3
7190,0
7191,0
7192,0
7193,0
7194,0
7195,1
7196,3
7197,0
7198,0
7199,0
7200,1
7201,2
7202,0
7203,0
7204,2
7205,0
7206,1
7207,0
7208,0
7209,2
7210,2
7211,1
7212,0
7213,1
7214,1
7215,1
7216,1
7217,1
7218,0
7219,0
7220,1
7221,2
7222,0
7223,0
7224,2
7225,1
7226,2
7227,0
7228,1
7229,1
7230,1
7231,0
7232,1
7233,0
7234,0
7235,1
7236,0
7237,3
7238,0
7239,1
7240,0
7241,0
7242,1
7243,0
7244,0
7245,1
7246,1
7247,0
7248,0
7249,1
7250,0
7251,2
7252,0
7253,0
7254,1
7255,1
7256,1
7257,0
7258,1
7259,1
7260,1
7261,1
7262,3
7263,0
7264,1
7265,0
7266,2
7267,0
7268,1
7269,0
7270,0
7271,1
7272,2
7273,1
7274,2
7275,2
7276,3
7277,1
7278,0
7279,4
7280,0
7281,1
7282,1
7283,0
7284,0
7285,0
7286,0
7287,0
7288,1
7289,0
7290,2
7291,1
7292,0
7293,0
7294,0
7295,1
7296,1
7297,0
7298,1
7299,0
7300,0
7301,0
7302,2
7303,0
7304,0
7305,0
7306,1
7307,0
7308,0
7309,0
7310,0
7311,0
7312,0
7313,0
7314,0
7315,1
7316,0
7317,0
7318,1
7319,0
7320,2
7321,0
7322,1
7323,2
7324,0
7325,1
7326,0
7327,0
7328,2
7329,0
7330,0
7331,1
7332,0
7333,1
7334,3
7335,0
7336,1
7337,0
7338,0
7339,0
7340,4
7341,0
7342,0
7343,1
7344,0
7345,0
7346,0
7347,1
7348,0
7349,0
7350,2
7351,1
7352,2
7353,0
7354,0
7355,1
7356,0
7357,1
7358,4
7359,0
7360,0
7361,0
7362,0
7363,0
7364,2
7365,0
7366,0
7367,0
7368,1
7369,0
7370,2
7371,3
7372,0
7373,2
7374,0
7375,0
7376,0
7377,0
7378,0
7379,0
7380,1
7381,0
7382,0
7383,0
7384,0
7385,0
7386,0
7387,0
7388,2
7389,0
7390,0
7391,0
7392,0
7393,1
7394,0
7395,1
7396,0
7397,0
7398,0
7399,3
7400,0
7401,0
7402,0
7403,1
7404,0
7405,1
7406,1
7407,1
7408,0
7409,0
7410,0
7411,0
7412,0
7413,2
7414,0
7415,0
7416,0
7417,3
7418,1
7419,0
7420,0
7421,0
7422,0
7423,1
7424,2
7425,1
7426,0
7427,1
7428,0
7429,0
7430,0
7431,1
7432,0
7433,1
7434,0
7435,1
7436,0
7437,1
7438,0
7439,0
7440,0
7441,0
7442,0
7443,0
7444,0
7445,0
7446,0
7447,0
7448,0
7449,1
7450,0
7451,0
7452,2
7453,0
7454,1
7455,0
7456,2
7457,0
7458,1
7459,0
7460,0
7461,0
7462,0
7463,0
7464,0
7465,1
7466,0
7467,0
7468,1
7469,0
7470,1
7471,2
7472,0
7473,1
7474,1
7475,1
7476,0
7477,0
7478,2
7479,0
7480,0
7481,1
7482,0
7483,0
7484,0
7485,0
7486,0
7487,0
7488,1
7489,1
7490,0
7491,0
7492,0
7493,1
7494,0
7495,0
7496,0
7497,0
7498,0
7499,2
7500,0
7501,0
7502,3
7503,0
7504,0
7505,0
7506,1
7507,0
7508,1
7509,0
7510,0
7511,0
7512,1
7513,1
7514,3
7515,0
7516,0
7517,2
7518,0
7519,0
7520,3
7521,0
7522,0
7523,0
7524,0
7525,0
7526,1
7527,2
7528,0
7529,0
7530,0
7531,3
7532,1
7533,0
7534,0
7535,0
7536,0
7537,1
7538,0
7539,0
7540,0
7541,1
7542,1
7543,0
7544,1
7545,0
7546,0
7547,0
7548,0
7549,0
7550,0
7551,0
7552,0
7553,2
7554,1
7555,0
7556,0
7557,0
7558,0
7559,2
7560,1
7561,1
7562,2
7563,0
7564,1
7565,0
7566,3
7567,4
7568,0
7569,0
7570,0
7571,0
7572,1
7573,0
7574,0
7575,0
7576,0
7577,0
7578,1
7579,0
7580,0
7581,1
7582,1
7583,1
7584,1
7585,0
7586,1
7587,0
7588,0
7589,2
7590,1
7591,0
7592,0
7593,0
7594,0
7595,0
7596,1
7597,1
7598,0
7599,0
7600,0
7601,1
7602,0
7603,0
7604,2
7605,2
7606,2
7607,2
7608,0
7609,0
7610,1
7611,1
7612,2
7613,0
7614,1
7615,0
7616,0
7617,0
7618,0
7619,0
7620,0
7621,0
7622,1
7623,0
7624,0
7625,0
7626,0
7627,0
7628,0
7629,0
7630,0
7631,0
7632,0
7633,0
7634,2
7635,0
7636,0
7637,0
7638,1
7639,0
7640,1
7641,1
7642,2
7643,0
7644,0
7645,0
7646,1
7647,0
7648,0
7649,0
7650,0
7651,1
7652,0
7653,0
7654,1
7655,0
7656,1
7657,0
7658,0
7659,0
7660,0
7661,0
7662,0
7663,0
7664,1
7665,0
7666,0
7667,0
7668,0
7669,1
7670,0
7671,0
7672,0
7673,0
7674,0
7675,0
7676,0
7677,0
7678,1
7679,0
7680,0
7681,0
7682,0
7683,0
7684,0
7685,0
7686,0
7687,0
7688,0
7689,0
7690,0
7691,0
7692,1
7693,0
7694,0
7695,0
7696,0
7697,0
7698,2
7699,2
7700,1
7701,0
7702,0
7703,0
7704,0
7705,0
7706,0
7707,0
7708,1
7709,0
7710,0
7711,0
7712,0
7713,0
7714,1
7715,0
7716,0
7717,2
7718,1
7719,0
7720,1
7721,0
7722,1
7723,1
7724,1
7725,0
7726,3
7727,0
7728,0
7729,1
7730,2
7731,0
7732,0
7733,1
7734,3
7735,1
7736,4
7737,2
7738,0
7739,0
7740,0
7741,0
7742,0
7743,0
7744,0
7745,0
7746,1
7747,0
7748,0
7749,0
7750,2
7751,0
7752,2
7753,0
7754,0
7755,1
7756,1
7757,0
7758,2
7759,0
7760,1
7761,1
7762,2
7763,1
7764,1
7765,1
7766,1
7767,0
7768,1
7769,1
7770,1
7771,2
7772,1
7773,0
7774,1
7775,1
7776,0
7777,1
7778,0
7779,0
7780,0
7781,0
7782,0
7783,0
7784,3
7785,0
7786,0
7787,0
7788,1
7789,2
7790,1
7791,0
7792,0
7793,0
7794,1
7795,1
7796,2
7797,2
7798,0
7799,2
7800,1
7801,0
7802,0
7803,0
7804,0
7805,2
7806,0
7807,0
7808,0
7809,1
7810,0
7811,0
7812,2
7813,0
7814,0
7815,0
7816,1
7817,0
7818,1
7819,1
7820,0
7821,0
7822,3
7823,1
7824,1
7825,2
7826,0
7827,1
7828,0
7829,1
7830,1
7831,2
7832,1
7833,3
7834,0
7835,2
7836,0
7837,1
7838,0
7839,0
7840,1
7841,0
7842,1
7843,1
7844,0
7845,0
7846,0
7847,0
7848,0
7849,0
7850,2
7851,0
7852,0
7853,0
7854,1
7855,2
7856,0
7857,2
7858,1
7859,0
7860,0
7861,0
7862,0
7863,0
7864,0
7865,2
7866,0
7867,1
7868,0
7869,0
7870,0
7871,1
7872,0
7873,2
7874,2
7875,0
7876,0
7877,0
7878,0
7879,1
7880,0
7881,1
7882,1
7883,5
7884,0
7885,1
7886,0
7887,2
7888,0
7889,0
7890,0
7891,2
7892,0
7893,0
7894,1
7895,0
7896,0
7897,0
7898,1
7899,1
7900,0
7901,1
7902,0
7903,0
7904,0
7905,0
7906,0
7907,0
7908,0
7909,0
7910,1
7911,0
7912,0
7913,0
7914,0
7915,1
7916,0
7917,0
7918,2
7919,1
7920,0
7921,0
7922,3
7923,0
7924,0
7925,0
7926,0
7927,1
7928,1
7929,0
7930,0
7931,2
7932,0
7933,1
7934,1
7935,1
7936,0
7937,0
7938,3
7939,2
7940,0
7941,1
7942,0
7943,0
7944,0
7945,0
7946,1
7947,2
7948,0
7949,0
7950,0
7951,2
7952,0
7953,0
7954,1
7955,0
7956,0
7957,0
7958,0
7959,1
7960,0
7961,0
7962,0
7963,1
7964,0
7965,0
7966,0
7967,1
7968,0
7969,2
7970,0
7971,0
7972,0
7973,0
7974,0
7975,0
7976,0
7977,1
7978,0
7979,0
7980,0
7981,2
7982,1
7983,0
7984,0
7985,4
7986,2
7987,0
7988,0
7989,0
7990,1
7991,0
7992,1
7993,0
7994,4
7995,2
7996,1
7997,1
7998,1
7999,0
8000,0
8001,2
8002,1
8003,0
8004,0
8005,1
8006,1
8007,0
8008,2
8009,0
8010,1
8011,2
8012,1
8013,0
8014,0
8015,0
8016,0
8017,3
8018,1
8019,0
8020,1
8021,1
8022,1
8023,0
8024,1
8025,0
8026,2
8027,0
8028,0
8029,1
8030,0
8031,1
8032,0
8033,0
8034,1
8035,2
8036,0
8037,0
8038,0
8039,1
8040,0
8041,2
8042,0
8043,2
8044,0
8045,1
8046,0
8047,1
8048,0
8049,1
8050,1
8051,0
8052,0
8053,0
8054,0
8055,0
8056,0
8057,0
8058,2
8059,1
8060,0
8061,0
8062,0
8063,1
8064,0
8065,0
8066,0
8067,0
8068,0
8069,0
8070,2
8071,0
8072,0
8073,0
8074,0
8075,1
8076,1
8077,0
8078,1
8079,1
8080,0
8081,0
8082,1
8083,0
8084,3
8085,1
8086,1
8087,0
8088,0
8089,1
8090,0
8091,0
8092,0
8093,0
8094,0
8095,1
8096,0
8097,0
8098,0
8099,0
8100,0
8101,1
8102,0
8103,2
8104,0
8105,1
8106,1
8107,3
8108,3
8109,0
8110,2
8111,3
8112,1
8113,3
8114,1
8115,0
8116,0
8117,0
8118,1
8119,0
8120,0
8121,0
8122,0
8123,1
8124,0
8125,1
8126,2
8127,0
8128,0
8129,0
8130,0
8131,0
8132,0
8133,0
8134,1
8135,0
8136,2
8137,0
8138,1
8139,0
8140,1
8141,0
8142,0
8143,0
8144,0
8145,0
8146,0
8147,0
8148,0
8149,0
8150,0
8151,0
8152,0
8153,0
8154,1
8155,0
8156,0
8157,2
8158,0
8159,2
8160,0
8161,2
8162,0
8163,0
8164,0
8165,0
8166,0
8167,0
8168,0
8169,0
8170,0
8171,0
8172,3
8173,2
8174,0
8175,1
8176,2
8177,0
8178,0
8179,1
8180,1
8181,0
8182,4
8183,0
8184,3
8185,3
8186,0
8187,1
8188,1
8189,0
8190,1
8191,1
8192,0
8193,1
8194,0
8195,0
8196,2
8197,1
8198,1
8199,0
8200,0
8201,0
8202,3
8203,0
8204,1
8205,0
8206,0
8207,0
8208,1
8209,0
8210,1
8211,0
8212,0
8213,1
8214,0
8215,3
8216,2
8217,0
8218,0
8219,0
8220,0
8221,0
8222,0
8223,0
8224,0
8225,0
8226,0
8227,0
8228,1
8229,1
8230,0
8231,0
8232,0
8233,0
8234,0
8235,0
8236,0
8237,1
8238,0
8239,0
8240,0
8241,0
8242,0
8243,0
8244,0
8245,0
8246,0
8247,0
8248,2
8249,0
8250,0
8251,0
8252,0
8253,0
8254,1
8255,0
8256,0
8257,0
8258,1
8259,0
8260,0
8261,2
8262,0
8263,1
8264,0
8265,0
8266,0
8267,0
8268,1
8269,0
8270,0
8271,0
8272,0
8273,0
8274,0
8275,1
8276,1
8277,3
8278,0
8279,1
8280,0
8281,1
8282,0
8283,0
8284,0
8285,0
8286,0
8287,1
8288,1
8289,4
8290,0
8291,1
8292,1
8293,0
8294,2
8295,1
8296,0
8297,1
8298,1
8299,1
8300,0
8301,0
8302,0
8303,0
8304,1
8305,0
8306,0
8307,0
8308,0
8309,0
8310,1
8311,0
8312,0
8313,0
8314,1
8315,0
8316,0
8317,0
8318,0
8319,0
8320,1
8321,1
8322,2
8323,0
8324,0
8325,0
8326,0
8327,0
8328,2
8329,1
8330,0
8331,0
8332,0
8333,0
8334,1
8335,0
8336,0
8337,0
8338,1
8339,0
8340,0
8341,1
8342,1
8343,1
8344,0
8345,0
8346,0
8347,0
8348,0
8349,1
8350,0
8351,1
8352,2
8353,0
8354,1
8355,0
8356,0
8357,1
8358,0
8359,1
8360,1
8361,0
8362,3
8363,0
8364,1
8365,1
8366,0
8367,0
8368,2
8369,0
8370,0
8371,0
8372,0
8373,0
8374,0
8375,0
8376,0
8377,0
8378,2
8379,2
8380,1
8381,1
8382,2
8383,2
8384,2
8385,1
8386,2
8387,0
8388,0
8389,0
8390,0
8391,0
8392,0
8393,1
8394,0
8395,2
8396,0
8397,0
8398,1
8399,0
8400,0
8401,1
8402,1
8403,1
8404,0
8405,0
8406,0
8407,2
8408,2
8409,0
8410,0
8411,1
8412,0
8413,0
8414,0
8415,0
8416,0
8417,0
8418,0
8419,0
8420,1
8421,0
8422,1
8423,0
8424,0
8425,1
8426,3
8427,1
8428,0
8429,1
8430,0
8431,1
8432,1
8433,0
8434,0
8435,0
8436,0
8437,2
8438,0
8439,0
8440,0
8441,0
8442,3
8443,1
8444,1
8445,1
8446,0
8447,1
8448,0
8449,1
8450,2
8451,0
8452,0
8453,1
8454,1
8455,1
8456,0
8457,1
8458,2
8459,1
8460,1
8461,2
8462,0
8463,0
8464,1
8465,1
8466,0
8467,2
8468,0
8469,0
8470,2
8471,0
8472,0
8473,0
8474,0
8475,0
8476,0
8477,0
8478,0
8479,1
8480,0
8481,0
8482,0
8483,0
8484,1
8485,1
8486,0
8487,0
8488,1
8489,0
8490,1
8491,1
8492,2
8493,0
8494,0
8495,0
8496,0
8497,0
8498,0
8499,1
8500,0
8501,0
8502,2
8503,0
8504,1
8505,2
8506,1
8507,2
8508,1
8509,1
8510,0
8511,1
8512,2
8513,1
8514,0
8515,2
8516,1
8517,0
8518,2
8519,0
8520,1
8521,2
8522,2
8523,1
8524,1
8525,1
8526,1
8527,3
8528,1
8529,2
8530,0
8531,1
8532,3
8533,1
8534,1
8535,0
8536,0
8537,0
8538,1
8539,3
8540,1
8541,1
8542,0
8543,2
8544,3
8545,1
8546,0
8547,0
8548,0
8549,0
8550,1
8551,0
8552,0
8553,1
8554,0
8555,0
8556,0
8557,0
8558,0
8559,0
8560,0
8561,0
8562,0
8563,0
8564,0
8565,0
8566,0
8567,0
8568,0
8569,0
8570,0
8571,2
8572,0
8573,1
8574,0
8575,0
8576,1
8577,0
8578,0
8579,2
8580,0
8581,0
8582,0
8583,1
8584,0
8585,0
8586,2
8587,1
8588,1
8589,4
8590,1
8591,1
8592,2
8593,2
8594,0
8595,0
8596,1
8597,1
8598,0
8599,0
8600,0
8601,0
8602,0
8603,1
8604,1
8605,1
8606,1
8607,1
8608,2
8609,1
8610,4
8611,1
8612,1
8613,0
8614,1
8615,3
8616,1
8617,1
8618,0
8619,0
8620,3
8621,0
8622,1
8623,1
8624,1
8625,0
8626,1
8627,5
8628,1
8629,2
8630,0
8631,0
8632,0
8633,0
8634,0
8635,0
8636,0
8637,0
8638,1
8639,0
8640,0
8641,0
8642,0
8643,1
8644,2
8645,1
8646,1
8647,1
8648,2
8649,0
8650,0
8651,0
8652,0
8653,0
8654,0
8655,0
8656,0
8657,0
8658,3
8659,1
8660,2
8661,0
8662,1
8663,0
8664,0
8665,0
8666,0
8667,0
8668,1
8669,0
8670,0
8671,1
8672,0
8673,0
8674,0
8675,2
8676,0
8677,1
8678,2
8679,0
8680,1
8681,0
8682,2
8683,3
8684,1
8685,1
8686,1
8687,2
8688,1
8689,0
8690,0
8691,1
8692,1
8693,1
8694,0
8695,0
8696,3
8697,3
8698,0
8699,0
8700,0
8701,0
8702,1
8703,0
8704,0
8705,0
8706,0
8707,0
8708,0
8709,0
8710,2
8711,0
8712,1
8713,0
8714,1
8715,2
8716,1
8717,0
8718,0
8719,0
8720,1
8721,1
8722,1
8723,0
8724,0
8725,0
8726,1
8727,1
8728,1
8729,1
8730,0
8731,1
8732,0
8733,0
8734,0
8735,2
8736,2
8737,2
8738,1
8739,1
8740,0
8741,0
8742,2
8743,0
8744,1
8745,1
8746,1
8747,3
8748,2
8749,1
8750,1
8751,2
8752,3
8753,0
8754,3
8755,3
8756,1
8757,0
8758,1
8759,0
8760,0
8761,1
8762,0
8763,0
8764,3
8765,2
8766,0
8767,0
8768,0
8769,1
8770,1
8771,0
8772,1
8773,1
8774,1
8775,2
8776,0
8777,1
8778,0
8779,1
8780,0
8781,0
8782,1
8783,1
8784,2
8785,2
8786,1
8787,3
8788,1
8789,0
8790,0
8791,0
8792,1
8793,1
8794,1
8795,0
8796,1
8797,1
8798,2
8799,0
8800,3
8801,0
8802,0
8803,0
8804,0
8805,2
8806,1
8807,1
8808,0
8809,0
8810,0
8811,1
8812,0
8813,0
8814,1
8815,1
8816,0
8817,0
8818,1
8819,1
8820,1
8821,0
8822,0
8823,1
8824,1
8825,0
8826,0
8827,2
8828,4
8829,0
8830,0
8831,1
8832,1
8833,0
8834,0
8835,1
8836,0
8837,0
8838,0
8839,0
8840,1
8841,2
8842,0
8843,0
8844,0
8845,0
8846,1
8847,1
8848,2
8849,1
8850,0
8851,1
8852,1
8853,0
8854,1
8855,1
8856,2
8857,0
8858,0
8859,0
8860,2
8861,0
8862,1
8863,1
8864,0
8865,0
8866,2
8867,0
8868,0
8869,0
8870,0
8871,0
8872,0
8873,0
8874,0
8875,0
8876,0
8877,3
8878,1
8879,0
8880,0
8881,1
8882,1
8883,2
8884,1
8885,1
8886,1
8887,0
8888,1
8889,0
8890,0
8891,0
8892,0
8893,1
8894,0
8895,0
8896,0
8897,0
8898,2
8899,0
8900,0
8901,0
8902,0
8903,0
8904,3
8905,0
8906,0
8907,1
8908,0
8909,1
8910,0
8911,2
8912,0
8913,0
8914,1
8915,1
8916,1
8917,0
8918,1
8919,0
8920,0
8921,0
8922,0
8923,1
8924,1
8925,1
8926,1
8927,1
8928,0
8929,1
8930,2
8931,1
8932,0
8933,0
8934,0
8935,0
8936,0
8937,0
8938,0
8939,0
8940,0
8941,0
8942,2
8943,0
8944,0
8945,1
8946,0
8947,2
8948,0
8949,0
8950,2
8951,0
8952,0
8953,1
8954,0
8955,0
8956,0
8957,1
8958,0
8959,2
8960,0
8961,4
8962,0
8963,0
8964,0
8965,0
8966,0
8967,1
8968,0
8969,2
8970,0
8971,0
8972,0
8973,0
8974,0
8975,1
8976,0
8977,1
8978,1
8979,1
8980,0
8981,0
8982,0
8983,0
8984,0
8985,0
8986,1
8987,0
8988,1
8989,0
8990,0
8991,0
8992,0
8993,0
8994,0
8995,0
8996,1
8997,0
8998,1
8999,0
9000,0
9001,0
9002,0
9003,1
9004,0
9005,0
9006,2
9007,0
9008,0
9009,0
9010,1
9011,0
9012,0
9013,1
9014,0
9015,0
9016,0
9017,0
9018,0
9019,0
9020,2
9021,0
9022,0
9023,0
9024,0
9025,1
9026,0
9027,3
9028,0
9029,0
9030,1
9031,0
9032,0
9033,0
9034,0
9035,1
9036,0
9037,0
9038,0
9039,0
9040,0
9041,0
9042,1
9043,1
9044,0
9045,0
9046,0
9047,1
9048,0
9049,0
9050,0
9051,2
9052,1
9053,0
9054,0
9055,0
9056,1
9057,0
9058,0
9059,2
9060,3
9061,0
9062,2
9063,1
9064,1
9065,0
9066,0
9067,0
9068,1
9069,0
9070,0
9071,1
9072,0
9073,0
9074,0
9075,1
9076,1
9077,0
9078,0
9079,1
9080,0
9081,1
9082,0
9083,0
9084,0
9085,0
9086,0
9087,0
9088,1
9089,0
9090,0
9091,0
9092,0
9093,0
9094,0
9095,0
9096,0
9097,0
9098,0
9099,0
9100,0
9101,0
9102,0
9103,0
9104,0
9105,1
9106,0
9107,0
9108,0
9109,2
9110,0
9111,0
9112,0
9113,0
9114,0
9115,2
9116,0
9117,0
9118,0
9119,0
9120,0
9121,1
9122,0
9123,0
9124,0
9125,0
9126,2
9127,0
9128,6
9129,3
9130,0
9131,4
9132,1
9133,2
9134,1
9135,2
9136,2
9137,1
9138,0
9139,6
9140,0
9141,5
9142,2
9143,0
9144,3
9145,0
9146,0
9147,0
9148,3
9149,4
9150,5
9151,0
9152,2
9153,0
9154,0
9155,2
9156,1
9157,1
9158,0
9159,0
9160,0
9161,0
9162,2
9163,0
9164,1
9165,0
9166,0
9167,0
9168,0
9169,2
9170,1
9171,0
9172,0
9173,0
9174,0
9175,0
9176,1
9177,0
9178,0
9179,0
9180,0
9181,0
9182,0
9183,3
9184,0
9185,0
9186,1
9187,0
9188,1
9189,3
9190,0
9191,1
9192,0
9193,2
9194,0
9195,2
9196,2
9197,2
9198,2
9199,0
9200,0
9201,2
9202,0
9203,0
9204,0
9205,0
9206,1
9207,0
9208,0
9209,4
9210,0
9211,1
9212,0
9213,0
9214,2
9215,0
9216,0
9217,1
9218,0
9219,0
9220,1
9221,0
9222,2
9223,0
9224,0
9225,1
9226,0
9227,1
9228,0
9229,0
9230,0
9231,0
9232,0
9233,0
9234,0
9235,0
9236,1
9237,0
9238,0
9239,1
9240,1
9241,2
9242,1
9243,0
9244,0
9245,2
9246,0
9247,2
9248,2
9249,0
9250,1
9251,0
9252,0
9253,0
9254,0
9255,1
9256,0
9257,0
9258,0
9259,0
9260,2
9261,0
9262,0
9263,0
9264,1
9265,2
9266,0
9267,1
9268,0
9269,0
9270,1
9271,0
9272,0
9273,1
9274,0
9275,0
9276,0
9277,1
9278,0
9279,0
9280,0
9281,2
9282,1
9283,0
9284,1
9285,0
9286,0
9287,0
9288,0
9289,1
9290,0
9291,0
9292,1
9293,0
9294,0
9295,0
9296,0
9297,0
9298,0
9299,0
9300,0
9301,0
9302,0
9303,0
9304,0
9305,0
9306,0
9307,0
9308,0
9309,0
9310,0
9311,0
9312,0
9313,0
9314,0
9315,1
9316,1
9317,2
9318,0
9319,0
9320,1
9321,0
9322,0
9323,0
9324,0
9325,1
9326,0
9327,0
9328,0
9329,0
9330,0
9331,0
9332,0
9333,0
9334,0
9335,0
9336,0
9337,1
9338,0
9339,2
9340,0
9341,1
9342,0
9343,3
9344,0
9345,0
9346,2
9347,0
9348,0
9349,0
9350,1
9351,0
9352,0
9353,0
9354,0
9355,0
9356,0
9357,0
9358,1
9359,0
9360,0
9361,0
9362,0
9363,0
9364,1
9365,0
9366,2
9367,0
9368,0
9369,0
9370,0
9371,0
9372,1
9373,0
9374,0
9375,0
9376,0
9377,1
9378,0
9379,0
9380,1
9381,0
9382,0
9383,0
9384,0
9385,2
9386,2
9387,0
9388,3
9389,0
9390,0
9391,0
9392,1
9393,0
9394,1
9395,0
9396,0
9397,2
9398,0
9399,1
9400,0
9401,0
9402,2
9403,0
9404,2
9405,0
9406,0
9407,0
9408,1
9409,0
9410,1
9411,0
9412,1
9413,1
9414,0
9415,0
9416,0
9417,2
9418,0
9419,0
9420,0
9421,1
9422,2
9423,0
9424,0
9425,0
9426,0
9427,1
9428,2
9429,1
9430,0
9431,0
9432,2
9433,0
9434,0
9435,0
9436,0
9437,3
9438,0
9439,0
9440,1
9441,2
9442,0
9443,3
9444,1
9445,2
9446,0
9447,1
9448,0
9449,1
9450,0
9451,1
9452,1
9453,0
9454,0
9455,1
9456,0
9457,1
9458,0
9459,2
9460,1
9461,4
9462,0
9463,0
9464,0
9465,0
9466,1
9467,2
9468,2
9469,0
9470,0
9471,0
9472,2
9473,0
9474,0
9475,1
9476,0
9477,0
9478,2
9479,1
9480,0
9481,0
9482,1
9483,0
9484,0
9485,0
9486,2
9487,2
9488,1
9489,1
9490,0
9491,0
9492,0
9493,0
9494,0
9495,0
9496,0
9497,1
9498,0
9499,1
9500,1
9501,3
9502,1
9503,0
9504,1
9505,0
9506,0
9507,0
9508,0
9509,0
9510,0
9511,1
9512,0
9513,1
9514,1
9515,0
9516,0
9517,0
9518,0
9519,1
9520,0
9521,0
9522,0
9523,2
9524,0
9525,0
9526,1
9527,1
9528,3
9529,0
9530,4
9531,0
9532,0
9533,0
9534,3
9535,0
9536,1
9537,2
9538,1
9539,2
9540,0
9541,0
9542,1
9543,0
9544,0
9545,2
9546,0
9547,1
9548,0
9549,2
9550,1
9551,0
9552,0
9553,0
9554,0
9555,0
9556,0
9557,0
9558,3
9559,0
9560,2
9561,0
9562,0
9563,2
9564,0
9565,0
9566,0
9567,1
9568,0
9569,2
9570,0
9571,1
9572,0
9573,0
9574,0
9575,0
9576,0
9577,0
9578,0
9579,0
9580,0
9581,0
9582,0
9583,1
9584,0
9585,0
9586,0
9587,0
9588,1
9589,1
9590,0
9591,0
9592,1
9593,0
9594,0
9595,1
9596,0
9597,1
9598,0
9599,0
9600,0
9601,0
9602,0
9603,0
9604,3
9605,0
9606,4
9607,0
9608,0
9609,0
9610,3
9611,0
9612,0
9613,2
9614,0
9615,0
9616,0
9617,1
9618,0
9619,0
9620,0
9621,0
9622,0
9623,3
9624,1
9625,1
9626,0
9627,0
9628,1
9629,0
9630,0
9631,1
9632,0
9633,3
9634,2
9635,0
9636,1
9637,0
9638,0
9639,1
9640,3
9641,0
9642,0
9643,0
9644,0
9645,1
9646,2
9647,0
9648,0
9649,0
9650,1
9651,0
9652,1
9653,0
9654,0
9655,1
9656,0
9657,1
9658,1
9659,0
9660,0
9661,0
9662,0
9663,0
9664,0
9665,1
9666,0
9667,1
9668,0
9669,0
9670,1
9671,0
9672,0
9673,0
9674,2
9675,0
9676,3
9677,0
9678,0
9679,1
9680,0
9681,2
9682,0
9683,0
9684,2
9685,0
9686,1
9687,0
9688,0
9689,0
9690,0
9691,1
9692,2
9693,0
9694,0
9695,0
9696,0
9697,1
9698,1
9699,0
9700,0
9701,0
9702,1
9703,1
9704,0
9705,1
9706,0
9707,0
9708,0
9709,2
9710,0
9711,0
9712,0
9713,0
9714,0
9715,1
9716,0
9717,0
9718,2
9719,0
9720,0
9721,1
9722,1
9723,0
9724,1
9725,0
9726,0
9727,0
9728,0
9729,1
9730,1
9731,0
9732,0
9733,0
9734,0
9735,0
9736,0
9737,0
9738,1
9739,1
9740,3
9741,0
9742,0
9743,1
9744,0
9745,0
9746,0
9747,0
9748,2
9749,1
9750,0
9751,1
9752,0
9753,0
9754,0
9755,1
9756,1
9757,0
9758,0
9759,0
9760,0
9761,1
9762,1
9763,2
9764,0
9765,2
9766,0
9767,1
9768,2
9769,1
9770,0
9771,0
9772,1
9773,1
9774,0
9775,1
9776,1
9777,0
9778,0
9779,0
9780,3
9781,0
9782,0
9783,0
9784,0
9785,0
9786,0
9787,0
9788,0
9789,1
9790,0
9791,0
9792,0
9793,1
9794,0
9795,0
9796,0
9797,0
9798,0
9799,0
9800,0
9801,0
9802,0
9803,2
9804,0
9805,0
9806,2
9807,0
9808,0
9809,0
9810,0
9811,0
9812,5
9813,0
9814,1
9815,0
9816,1
9817,1
9818,0
9819,0
9820,0
9821,1
9822,0
9823,1
9824,0
9825,0
9826,0
9827,2
9828,0
9829,1
9830,0
9831,0
9832,0
9833,0
9834,1
9835,0
9836,1
9837,0
9838,0
9839,0
9840,0
9841,0
9842,1
9843,1
9844,0
9845,0
9846,0
9847,1
9848,0
9849,1
9850,0
9851,0
9852,0
9853,0
9854,0
9855,2
9856,1
9857,1
9858,2
9859,0
9860,0
9861,4
9862,0
9863,1
9864,2
9865,0
9866,1
9867,0
9868,1
9869,0
9870,2
9871,2
9872,0
9873,4
9874,1
9875,0
9876,0
9877,0
9878,0
9879,2
9880,0
9881,0
9882,2
9883,0
9884,0
9885,1
9886,0
9887,0
9888,2
9889,0
9890,1
9891,2
9892,0
9893,0
9894,1
9895,0
9896,3
9897,0
9898,0
9899,0
9900,0
9901,0
9902,0
9903,0
9904,0
9905,0
9906,0
9908,1
9909,0
9910,0
9911,0
9912,0
9913,0
9914,0
9915,0
9916,0
9917,0
9918,0
9919,1
9920,1
9921,1
9922,1
9923,0
9924,1
9925,1
9926,0
9927,0
9928,0
9929,0
9930,0
9931,1
9932,0
9933,0
9934,1
9935,0
9936,0
9937,0
9938,0
9939,1
9940,0
9941,0
9942,0
9943,2
9944,0
9945,1
9946,0
9947,1
9948,0
9949,0
9950,1
9951,2
9952,0
9953,0
9954,1
9955,2
9956,1
9957,1
9958,0
9959,0
9960,0
9961,2
9962,0
9963,0
9964,4
9965,3
9966,1
9967,0
9968,0
9969,0
9970,0
9971,0
9972,1
9973,1
9974,1
9975,0
9976,0
9977,0
9978,0
9979,1
9980,0
9981,0
9982,0
9983,2
9984,1
9985,0
9986,0
9987,0
9988,0
9989,0
9990,0
9991,0
9992,2
9993,1
9994,1
9995,0
9996,1
9997,1
9998,0
9999,0
10000,1
10001,0
10002,0
10003,0
10004,0
10005,0
10006,0
10007,0
10008,0
10009,2
10010,0
10011,1
10012,1
10013,1
10014,0
10015,0
10016,1
10017,0
10018,1
10019,0
10020,0
10021,1
10022,1
10023,1
10024,0
10025,2
10026,0
10027,1
10028,2
10029,0
10030,0
10031,1
10032,0
10033,2
10034,0
10035,0
10036,1
10037,2
10038,2
10039,2
10040,0
10041,0
10042,0
10043,0
10044,0
10045,0
10046,0
10047,1
10048,3
10049,0
10050,0
10051,0
10052,0
10053,1
10054,1
10055,0
10056,0
10057,1
10058,0
10059,2
10060,0
10061,0
10062,0
10063,0
10064,4
10065,1
10066,0
10067,0
10068,0
10069,0
10070,0
10071,0
10072,0
10073,1
10074,1
10075,2
10076,0
10077,0
10078,0
10079,2
10080,0
10081,0
10083,0
10084,0
10085,0
10086,2
10087,2
10088,1
10089,1
10090,0
10091,2
10092,1
10093,1
10094,2
10095,1
10096,0
10097,0
10098,1
10099,0
10100,0
10101,1
10102,1
10103,0
10104,1
10105,1
10106,0
10107,0
10108,1
10109,0
10110,0
10111,0
10112,1
10113,0
10114,1
10115,1
10116,0
10117,0
10118,0
10119,0
10120,0
10121,0
10122,0
10123,0
10124,0
10125,1
10126,1
10127,3
10128,0
10129,0
10130,1
10131,2
10132,0
10133,0
10134,0
10135,3
10136,1
10137,0
10138,3
10139,0
10140,1
10141,0
10142,0
10143,0
10144,1
10145,0
10146,0
10147,0
10148,0
10149,1
10150,0
10151,0
10152,0
10153,0
10154,0
10155,2
10156,0
10157,0
10158,4
10159,0
10160,0
10161,2
10162,0
10163,1
10164,0
10165,1
10166,2
10167,3
10168,0
10169,0
10170,1
10171,0
10172,0
10173,0
10174,0
10175,1
10176,0
10177,0
10178,0
10179,0
10180,0
10181,0
10182,0
10183,0
10184,0
10185,0
10186,0
10187,1
10188,0
10189,0
10190,1
10191,1
10192,0
10193,0
10194,1
10195,0
10196,0
10197,3
10198,1
10199,1
10200,3
10201,1
10202,1
10203,0
10204,0
10205,0
10206,0
10207,0
10208,0
10209,0
10210,0
10211,0
10212,2
10213,1
10214,0
10215,0
10216,1
10217,0
10218,0
10219,0
10220,0
10221,0
10222,0
10223,1
10224,0
10225,2
10226,1
10227,1
10228,0
10229,1
10230,2
10231,0
10232,0
10233,1
10234,0
10235,0
10236,0
10237,0
10238,0
10239,1
10240,1
10241,0
10242,0
10243,0
10244,1
10245,0
10246,0
10247,0
10248,0
10249,0
10250,0
10251,0
10252,0
10253,2
10254,0
10255,0
10256,0
10257,1
10258,0
10259,0
10260,2
10261,3
10262,2
10263,0
10264,0
10265,0
10266,0
10267,1
10268,0
10269,0
10270,0
10271,2
10272,2
10273,0
10274,0
10275,0
10276,0
10277,0
10278,2
10279,0
10280,0
10281,0
10282,1
10283,0
10284,0
10285,1
10286,0
10287,0
10288,0
10289,0
10290,0
10291,0
10292,0
10293,0
10294,1
10295,0
10296,0
10297,1
10298,0
10299,0
10300,1
10301,0
10302,0
10303,0
10304,0
10305,2
10306,0
10307,0
10308,1
10309,2
10310,3
10311,0
10312,0
10313,2
10314,0
10315,2
10316,1
10317,1
10318,0
10319,0
10320,0
10321,0
10322,1
10323,2
10324,1
10325,0
10326,0
10327,1
10328,0
10329,0
10330,2
10331,0
10332,4
10333,0
10334,2
10335,0
10336,0
10337,0
10338,3
10339,0
10340,2
10341,0
10342,0
10343,0
10344,0
10345,2
10346,1
10347,1
10348,0
10349,1
10350,1
10351,0
10352,1
10353,0
10354,0
10355,0
10356,1
10357,1
10358,0
10359,2
10360,0
10361,1
10362,1
10363,0
10364,2
10365,0
10366,0
10367,0
10368,0
10369,1
10370,0
10371,0
10372,0
10373,0
10374,0
10375,0
10376,0
10377,0
10378,0
10379,1
10380,0
10381,0
10382,1
10383,0
10384,0
10385,1
10386,1
10387,1
10388,0
10389,1
10390,1
10391,0
10392,0
10393,0
10394,0
10395,0
10396,1
10397,0
10398,0
10399,1
10400,2
10401,0
10402,0
10403,1
10404,2
10405,1
10406,0
10407,0
10408,0
10409,0
10410,0
10411,0
10412,0
10413,2
10414,2
10415,0
10416,0
10417,1
10418,0
10419,1
10420,1
10421,0
10422,1
10423,0
10424,0
10425,0
10426,2
10427,0
10428,1
10429,1
10430,1
10431,1
10432,0
10433,0
10434,1
10435,2
10436,0
10437,1
10438,0
10439,0
10440,1
10441,0
10442,1
10443,0
10444,0
10445,0
10446,0
10447,0
10448,0
10449,0
10450,2
10451,0
10452,0
10453,1
10454,2
10455,0
10456,0
10457,0
10458,0
10459,0
10460,1
10461,0
10462,0
10463,3
10464,0
10465,0
10466,1
10467,1
10468,0
10469,0
10470,0
10471,0
10472,0
10473,1
10474,0
10475,1
10476,1
10477,0
10478,0
10479,0
10480,1
10481,0
10482,0
10483,2
10484,1
10485,1
10486,0
10487,1
10488,0
10489,1
10490,1
10491,0
10492,0
10493,0
10494,0
10495,0
10496,0
10497,0
10498,0
10499,0
10500,0
10501,1
10502,0
10503,0
10504,2
10505,1
10506,0
10507,0
10508,1
10509,0
10510,0
10511,0
10512,0
10513,0
10514,0
10515,1
10516,1
10517,0
10518,0
10519,0
