artwork,recommended
0,10013
0,5645
1,5693
2,4174
6,8320
10,4789
12,878
15,732
15,900
19,472
20,2123
22,4624
25,755
25,943
25,1751
25,0
26,7015
26,8297
26,1889
27,5909
27,1526
29,354
29,566
32,6292
34,8961
37,10135
37,2410
38,1816
38,7006
39,5890
39,1148
40,521
41,9428
42,4208
42,7922
45,3018
49,44
49,3584
53,6856
54,8746
56,6056
57,354
60,4822
65,9692
66,7189
66,4092
67,8904
68,6464
76,2369
78,10364
78,3680
79,5375
79,1554
81,4843
83,8450
85,4793
87,3992
87,6089
89,5522
90,9027
94,1401
95,435
96,585
97,3425
98,6916
98,10166
100,9408
101,6174
104,5192
104,7226
105,1634
107,122
109,106
110,416
112,3680
112,3887
115,2463
118,5627
120,73
122,107
123,989
125,4458
126,41
126,9855
127,5763
127,5567
131,5565
132,6138
133,7986
134,2866
135,4425
135,7406
137,3425
137,936
137,6076
137,5574
143,5839
146,8512
149,5569
151,3780
151,50
151,2
151,2268
151,1861
157,3499
157,6573
157,3290
159,258
160,4141
164,6104
165,7857
166,2250
169,6441
172,7471
184,5264
184,8646
185,5721
188,850
190,7352
191,1293
192,9523
192,8314
192,9197
194,400
195,3459
197,1493
198,7939
200,2571
203,6294
207,5438
207,230
208,219
208,223
208,203
208,3126
208,224
209,5910
210,9444
210,2206
210,2528
211,3043
211,6998
211,696
211,3675
211,599
212,6294
213,217
214,3147
214,203
216,5865
217,215
218,8039
220,6292
220,224
223,203
223,201
226,5557
227,516
229,546
231,534
232,4770
234,7954
235,5387
238,5084
238,1872
243,4987
243,1960
245,10023
249,2286
250,6826
251,8017
252,6350
253,10404
254,10261
254,7340
259,7717
263,8427
266,3081
268,2696
271,9595
274,7026
275,780
275,1713
275,5560
280,7698
281,5632
281,9429
282,3666
283,4682
284,1815
284,10012
285,2020
288,7424
288,287
290,117
293,2300
295,2367
298,3664
305,7082
308,95
310,8883
310,9397
316,9530
318,5408
322,7129
323,3893
326,1710
331,6933
332,3823
335,2646
339,2781
339,9896
341,5377
342,282
344,4141
346,896
348,60
349,2744
351,4127
354,6762
360,4914
360,3566
361,7796
363,8047
364,8058
364,10382
367,3794
367,6849
368,9461
368,3952
368,1092
368,1877
368,1889
369,1082
375,10190
375,5469
375,2239
376,1652
378,4570
378,5840
381,8103
387,9030
387,8114
388,458
390,10515
391,1181
393,925
394,1505
395,854
395,2460
395,8793
399,2256
400,1513
400,9460
400,9467
402,4548
404,3360
405,6695
405,7323
407,113
408,9604
409,1279
409,8752
411,2144
411,3708
411,407
413,1028
415,3974
419,7003
420,3504
421,1900
422,105
427,3805
428,338
428,1611
432,1369
435,131
435,5245
440,7049
440,7322
441,533
442,1347
443,2975
447,7899
450,7799
450,6429
456,78
456,576
456,854
458,2867
458,6118
460,2543
462,5246
463,10239
463,2569
463,1836
464,9222
464,3502
465,826
465,4630
467,51
467,1488
469,10135
470,533
471,9445
473,4735
475,1021
478,5764
478,435
479,8715
484,5253
484,2478
486,37
486,936
491,1351
492,3942
492,5762
494,3021
500,2763
504,3764
504,6513
510,1788
512,5151
513,412
513,943
514,2955
515,5088
517,134
518,507
520,6448
520,6249
523,9052
528,1561
529,1862
529,502
529,55
529,2
530,3790
530,2054
531,284
533,2452
533,8589
534,4169
534,528
535,7634
538,5156
542,5246
545,1121
548,7669
550,7373
552,3732
553,8157
554,7938
556,2070
558,7427
560,8299
561,373
561,6008
563,3632
564,9767
565,2430
568,3469
569,2487
576,1495
578,6107
579,4732
580,10089
581,7170
585,5219
586,4823
588,3997
589,5967
590,9793
590,4618
590,3221
592,10054
601,5572
602,1851
605,8683
606,5457
609,9421
613,8275
620,2766
621,6761
622,6057
626,5907
626,3093
629,2906
629,1860
634,5739
634,7060
634,1001
635,2430
635,7867
636,7604
637,7473
638,2756
638,10230
641,7622
641,29
642,1135
642,3091
642,2345
642,1128
642,6103
648,9115
648,5518
652,8856
653,243
655,2113
655,4384
661,612
663,6349
665,3805
666,2441
668,9729
669,1470
670,8521
673,2709
675,8532
676,10033
678,9730
681,2633
682,6796
682,7582
682,201
682,247
684,5401
685,2751
686,2469
687,5627
689,5520
693,455
694,8589
695,7055
700,6514
701,4295
705,1633
705,740
705,2539
705,2535
705,2536
705,721
706,2545
706,2536
708,7160
711,7508
712,3497
712,2422
713,1328
715,4232
716,9292
717,368
717,1654
717,2260
717,1889
717,400
718,6425
719,2353
719,7004
719,9549
720,7795
722,9528
723,1627
723,741
723,2543
724,710
724,720
725,4052
728,6527
734,7186
735,5521
737,746
738,8229
740,472
740,728
741,4684
742,7566
745,4490
746,15
746,3148
750,4189
753,1041
760,7734
763,7756
763,265
767,2692
767,5105
768,1877
769,6670
771,1046
772,9634
772,3297
776,9240
776,131
778,3758
779,2087
783,5507
786,5782
786,10144
786,2249
786,4309
789,3082
790,37
790,5866
791,2307
792,9703
793,10332
795,513
795,2538
796,6038
804,8742
805,5817
808,4401
812,7664
816,1136
817,4422
821,414
822,1438
824,10285
826,1850
826,5978
828,4439
829,4384
832,31
832,5158
832,5257
833,7541
833,2442
836,72
837,9209
837,8736
837,8754
838,44
839,3599
840,4138
842,4251
844,10473
847,994
848,4599
855,2649
855,8173
855,4328
858,8017
863,8213
867,3024
868,581
870,3556
875,10322
877,893
880,9992
881,9718
881,2220
887,8401
889,3120
893,7143
894,4559
900,8544
902,4812
903,9873
904,976
905,8659
907,3130
908,3612
909,2748
909,1846
910,5034
916,2977
917,8697
922,6489
924,1828
925,1478
925,1838
928,10079
928,10413
929,1838
933,6645
934,4177
935,8773
936,8386
941,5535
941,9919
943,436
943,6053
946,6031
949,781
951,805
951,955
952,5823
952,950
952,4356
954,783
957,8191
958,5864
959,783
960,5326
962,9128
964,3800
964,4232
970,6531
975,4413
977,2166
977,7656
978,6998
978,473
979,10413
981,8524
982,660
982,986
982,880
983,976
983,848
983,654
984,2618
985,660
985,994
986,5405
988,7520
989,6934
990,8721
993,5385
993,7805
993,2752
994,2789
994,4781
997,1711
999,653
999,904
999,836
1000,2425
1001,5844
1002,5672
1004,5199
1005,5517
1009,3784
1013,4778
1014,2800
1014,8764
1014,4758
1015,4677
1016,2579
1016,741
1016,7041
1018,9684
1018,2637
1021,4308
1021,5194
1025,1891
1027,5972
1028,9482
1030,7370
1031,7894
1033,645
1034,5906
1034,5695
1036,2506
1037,10161
1037,294
1038,8426
1038,9640
1039,10454
1041,8610
1043,1058
1043,1032
1045,7003
1045,6104
1046,3238
1049,773
1050,5334
1052,7998
1052,6064
1059,8648
1062,1675
1064,7054
1065,10201
1065,7881
1066,6406
1068,9628
1069,412
1073,7237
1073,9640
1074,6492
1074,6620
1075,10396
1075,9973
1076,6222
1081,8882
1082,9242
1082,8521
1083,2608
1084,4651
1088,5092
1091,6402
1091,7333
1092,7634
1092,1968
1094,1806
1100,7055
1101,8215
1101,1131
1102,2163
1103,9447
1104,4741
1104,5842
1104,8644
1106,4900
1108,748
1111,2526
1113,6897
1116,2231
1118,1053
1119,5840
1121,1229
1121,4956
1123,233
1124,9183
1126,4690
1126,4567
1128,6237
1137,2942
1137,5440
1137,7887
1140,8885
1144,7734
1145,1693
1145,498
1147,10330
1148,7358
1153,8693
1157,877
1159,6134
1159,2487
1160,1166
1164,912
1165,5045
1170,8840
1178,5576
1181,6951
1184,5063
1188,5925
1188,2105
1189,612
1193,881
1194,2481
1195,1065
1197,4542
1201,9604
1202,7589
1205,3216
1207,4245
1207,553
1207,8607
1208,5217
1208,7003
1211,4290
1212,748
1214,7370
1217,9273
1219,1646
1221,2948
1221,4454
1223,5858
1224,8620
1224,8611
1225,667
1226,7638
1226,2144
1227,7086
1227,68
1229,8860
1231,3366
1231,428
1231,9631
1233,5379
1234,8304
1236,8505
1236,2340
1239,8590
1239,2692
1240,5967
1245,950
1247,5802
1249,6456
1250,1252
1250,1264
1250,1257
1250,1254
1250,1272
1252,1250
1252,1251
1252,1259
1252,1949
1252,1272
1252,1254
1253,1256
1253,1258
1253,1264
1253,1254
1255,1251
1255,1254
1255,1263
1255,1264
1256,748
1257,1255
1257,1253
1257,1264
1257,1254
1257,1252
1257,1256
1258,102
1259,1258
1259,1269
1259,1263
1259,1255
1259,1949
1259,1256
1263,1250
1263,1251
1263,1264
1263,1253
1267,7142
1269,1254
1269,1252
1269,1949
1271,4163
1272,1254
1272,1257
1272,1949
1272,1252
1272,1255
1272,1251
1272,1253
1273,4893
1274,10334
1275,4315
1275,7559
1275,9534
1280,8277
1283,8523
1283,4939
1285,8453
1286,8349
1287,8294
1287,372
1287,5931
1287,5521
1289,8507
1289,3792
1290,2629
1294,5300
1295,7251
1298,7323
1301,4970
1302,9874
1303,1795
1304,3027
1306,430
1311,9248
1312,4562
1313,4522
1315,1916
1316,3386
1324,8751
1330,8029
1335,2244
1336,2241
1337,3809
1338,2469
1343,7605
1350,7994
1350,1370
1351,4156
1353,9499
1356,6646
1356,1756
1357,8878
1357,9479
1359,4841
1360,7726
1361,2
1363,753
1364,9634
1366,3241
1368,3280
1370,7994
1370,1041
1373,10064
1375,10485
1377,9812
1378,10262
1380,8893
1381,246
1382,4030
1386,1634
1386,7048
1387,9526
1388,2573
1391,8216
1393,6396
1395,8677
1396,3870
1398,1026
1400,9131
1400,9148
1403,3943
1403,3428
1403,1408
1403,5571
1404,5567
1406,7211
1406,9861
1406,5568
1413,6710
1415,9459
1417,5933
1418,7221
1419,9954
1419,2486
1419,4234
1419,4231
1421,1194
1423,3671
1423,9639
1428,1762
1430,6501
1432,6457
1432,1667
1435,8593
1437,7189
1439,3209
1439,8509
1440,8787
1443,2418
1444,55
1444,933
1444,1856
1447,9538
1448,3773
1449,3672
1450,8747
1455,1855
1456,4373
1459,3567
1460,4474
1462,5075
1468,7520
1475,4977
1479,4984
1483,2516
1483,4056
1485,3860
1490,1963
1490,2741
1493,5096
1494,7196
1494,5376
1494,4710
1499,266
1503,8182
1505,5264
1505,5521
1507,8134
1508,2085
1509,10317
1510,3702
1511,8947
1513,4166
1519,2286
1522,10505
1522,6692
1522,10138
1523,5462
1523,10501
1523,8947
1523,1511
1524,7736
1524,5261
1525,5912
1525,411
1525,3420
1526,6370
1529,3374
1530,9068
1534,4803
1536,5745
1538,1477
1540,1860
1543,9537
1544,1212
1545,3598
1546,4251
1546,8515
1546,6567
1547,8798
1550,3832
1550,2861
1554,4131
1557,7474
1561,8978
1563,9459
1565,7024
1565,7898
1566,9722
1567,2880
1570,4178
1573,3682
1577,3651
1580,7766
1581,10197
1587,7769
1589,146
1591,6671
1591,7452
1596,2242
1599,7553
1602,2898
1603,4791
1605,2708
1606,8924
1610,6855
1611,4424
1612,13
1613,1720
1613,2322
1615,105
1616,5441
1617,6167
1620,5305
1620,4633
1620,5318
1622,5408
1623,9088
1624,1372
1624,10165
1624,1369
1624,372
1625,1420
1625,9220
1625,1139
1625,6247
1626,8461
1626,3386
1628,3281
1630,3749
1632,3084
1634,105
1635,3752
1637,10131
1639,8188
1639,8185
1640,9670
1642,2953
1643,937
1649,2745
1650,3404
1652,5840
1652,620
1654,5445
1655,8786
1658,8877
1660,2250
1664,10324
1667,2101
1669,8516
1675,9610
1677,4484
1678,513
1680,4676
1685,7642
1685,7822
1686,10011
1689,2566
1691,3105
1692,10261
1692,5745
1692,6788
1693,9873
1698,8828
1699,1215
1702,7039
1703,3158
1704,6666
1704,9870
1704,355
1704,1041
1705,8184
1706,2162
1709,2043
1711,4924
1713,875
1715,2488
1715,7514
1715,8175
1718,8898
1722,3853
1723,8616
1723,5743
1723,5604
1724,7698
1724,8967
1724,3152
1726,9443
1730,6248
1733,3783
1734,4807
1734,6370
1739,5543
1744,10356
1744,4502
1746,2538
1748,5261
1749,1731
1750,7395
1751,9617
1755,7891
1756,7532
1758,1683
1759,6520
1760,4471
1767,868
1767,2415
1769,8113
1771,1534
1772,3349
1775,5714
1777,394
1777,928
1777,9489
1788,9193
1788,5438
1793,9027
1794,4185
1796,7091
1801,8783
1802,1589
1803,2888
1804,1734
1808,9885
1808,5223
1809,8784
1813,3768
1813,9751
1818,8185
1822,2679
1824,2457
1829,4023
1833,1318
1835,2748
1835,68
1845,6730
1848,3372
1849,7142
1854,6222
1855,2765
1856,7357
1856,3848
1857,3472
1859,5059
1860,5520
1860,1875
1862,5407
1863,1061
1863,6776
1864,5326
1865,2444
1868,5521
1870,7922
1876,10253
1876,7015
1880,6647
1881,8437
1882,2708
1883,9547
1883,8084
1886,1896
1887,9964
1887,9843
1889,1034
1889,10261
1889,9472
1889,10226
1892,5619
1892,8855
1893,8959
1897,9633
1898,1586
1901,522
1901,14
1901,6051
1902,10048
1907,2363
1911,9896
1913,8426
1915,3431
1917,6655
1918,1830
1923,4049
1925,6342
1925,2979
1925,2976
1927,4258
1928,1926
1928,5687
1928,952
1929,5807
1930,952
1930,1933
1931,6940
1932,1947
1932,805
1933,5823
1933,1936
1936,1933
1936,1930
1936,952
1937,2260
1939,10414
1941,2823
1942,3096
1943,6348
1944,8012
1945,383
1946,6144
1947,10489
1948,1131
1948,9864
1949,1253
1949,1269
1949,1256
1949,1255
1950,5195
1951,9896
1954,7003
1954,7812
1957,10253
1959,6718
1959,2417
1961,7027
1961,5027
1962,10016
1963,4185
1963,1788
1966,8
1966,8841
1967,9043
1970,2801
1972,8758
1973,3831
1974,2688
1974,2072
1974,1978
1974,2615
1975,8533
1977,2084
1979,7992
1982,2695
1984,9740
1988,4680
1991,6404
1996,5851
1999,2365
1999,5441
1999,10487
2000,2375
2002,6367
2004,1550
2007,5106
2009,73
2010,1139
2013,7879
2019,6104
2021,1214
2021,10037
2022,1344
2029,7762
2034,7172
2038,7403
2043,2052
2046,1865
2048,8540
2049,6247
2052,8579
2053,7417
2054,6138
2056,6602
2060,7166
2061,56
2062,10138
2063,5155
2065,6540
2068,9475
2070,470
2071,362
2071,5790
2073,9558
2073,8393
2074,5711
2076,4688
2077,10463
2077,9346
2078,5308
2079,6900
2081,4146
2082,3095
2086,1023
2088,8643
2091,6710
2091,8668
2092,7152
2092,1248
2093,4212
2095,7584
2099,3499
2100,7224
2103,9873
2104,240
2106,6096
2108,3356
2109,8464
2109,8470
2114,2712
2115,5078
2117,8485
2120,3136
2127,9542
2132,7832
2136,3683
2137,7371
2141,8775
2144,7833
2144,5752
2146,8288
2151,4575
2154,1218
2158,6022
2158,6788
2159,4488
2165,843
2167,6469
2170,3869
2176,10240
2178,2288
2178,406
2179,2044
2180,3521
2181,10338
2182,3263
2184,7883
2185,6780
2186,5328
2188,3781
2192,4125
2193,6780
2193,2986
2195,8747
2196,8735
2197,2391
2201,2187
2202,2442
2203,2216
2203,718
2205,8277
2206,4274
2208,8620
2209,6759
2210,7229
2211,8603
2211,8610
2211,4211
2215,4480
2215,3690
2216,500
2217,7967
2223,6686
2224,194
2224,2690
2226,6993
2228,7699
2237,3228
2240,7607
2241,6944
2244,7572
2246,8589
2248,2975
2249,8587
2249,6772
2253,7334
2258,1949
2258,1
2260,4752
2263,7922
2264,6685
2268,5438
2268,207
2268,2
2270,2
2270,9115
2270,2551
2270,5438
2273,10420
2274,10271
2276,5747
2277,8522
2279,2410
2279,370
2280,7340
2280,85
2282,10272
2282,9343
2282,10417
2283,6002
2283,467
2284,6148
2285,7566
2286,6368
2288,2178
2292,1865
2294,3297
2294,237
2298,4966
2299,8520
2301,9289
2303,2858
2305,9455
2306,9789
2306,5673
2307,5869
2311,2305
2311,8352
2311,980
2313,10359
2315,1637
2315,8126
2317,3639
2318,8107
2318,8527
2320,3206
2320,9550
2322,4376
2323,6063
2325,8683
2326,8779
2328,7206
2334,2692
2334,1821
2336,8368
2340,6615
2342,10350
2343,4188
2343,1505
2343,2262
2346,7985
2347,2495
2349,2076
2352,2993
2355,3350
2356,3091
2357,6659
2360,6994
2363,7189
2363,1218
2365,8827
2367,4943
2373,9519
2374,8860
2375,4687
2376,9740
2376,8458
2377,1384
2379,6626
2380,3274
2381,10357
2387,4042
2392,3429
2392,6991
2393,6266
2394,190
2394,1733
2395,2393
2397,410
2400,1058
2405,3145
2407,2697
2408,5368
2409,3757
2411,2094
2419,7760
2422,3884
2424,3011
2427,1350
2432,1572
2432,4314
2433,2479
2434,5567
2435,5567
2438,5770
2439,3468
2440,8909
2440,6280
2442,9724
2443,8691
2444,2672
2445,9674
2450,2871
2453,9241
2454,444
2455,9035
2456,5900
2457,2132
2458,6457
2466,6980
2467,4484
2467,795
2468,7733
2468,1438
2472,4093
2473,6545
2481,1149
2483,6930
2484,7822
2485,7755
2489,8931
2490,4309
2491,10108
2492,8788
2494,10435
2495,9169
2497,5265
2498,9385
2499,8447
2500,9380
2505,10389
2511,9806
2513,4604
2513,10175
2515,7788
2516,2879
2517,6581
2522,6148
2523,10149
2523,571
2528,9658
2533,1751
2535,1698
2535,6339
2537,6010
2538,795
2538,7951
2540,8800
2541,2047
2542,8379
2542,7200
2542,112
2543,6429
2543,5912
2543,6998
2546,8628
2546,939
2547,4878
2549,4684
2549,5725
2552,6088
2552,7566
2553,8969
2555,6819
2561,3858
2562,3218
2566,2361
2568,2328
2568,2674
2569,2778
2570,6482
2570,7221
2570,9545
2571,200
2572,6383
2579,7883
2580,3294
2580,8511
2581,999
2582,4342
2585,3473
2585,5526
2585,2433
2588,2862
2590,2425
2594,2428
2597,9247
2601,1514
2604,9150
2606,9945
2611,434
2625,7180
2625,1022
2625,8538
2626,10087
2628,10334
2629,7763
2633,7185
2634,3941
2638,7513
2638,8904
2640,2191
2642,3474
2643,2646
2644,5541
2645,3831
2646,820
2646,5417
2646,7215
2647,7136
2650,8588
2651,1349
2653,375
2657,5377
2657,1352
2658,4220
2662,5110
2662,6622
2665,3426
2666,3028
2667,3572
2667,5371
2669,9879
2669,6023
2671,8712
2672,3600
2673,8161
2673,5841
2676,4337
2677,4071
2677,5898
2678,3789
2681,8187
2684,6513
2685,4049
2688,5105
2688,5840
2690,4924
2691,7066
2692,2691
2703,10075
2703,9589
2704,9537
2705,4450
2707,915
2707,2945
2708,2104
2714,7874
2714,3590
2715,4172
2717,4238
2721,2707
2722,6898
2730,505
2730,3887
2730,536
2733,8457
2734,536
2735,7567
2737,2446
2738,1844
2742,8204
2750,2789
2755,3212
2756,10346
2760,9189
2766,506
2770,4229
2778,1470
2778,2893
2780,8086
2785,4205
2787,6027
2788,341
2789,8680
2791,414
2791,4725
2794,443
2797,8182
2799,1105
2799,8961
2800,5060
2801,9051
2804,5864
2810,4955
2810,9871
2813,6239
2815,9162
2815,196
2818,10460
2819,8545
2820,10038
2821,451
2822,2412
2828,2824
2829,8702
2829,1932
2830,9610
2832,52
2833,9121
2834,2358
2834,1875
2835,2880
2835,5514
2837,7364
2839,7772
2841,6824
2841,4394
2845,9560
2847,192
2849,4775
2849,8484
2853,4799
2854,7777
2855,2684
2861,1016
2863,7181
2867,7364
2867,6554
2867,8696
2867,2074
2868,5207
2869,5269
2870,7553
2871,3542
2874,8136
2875,712
2876,7526
2877,5555
2877,1572
2878,2870
2879,1811
2880,5188
2882,1799
2887,4544
2889,8184
2893,9157
2894,6982
2894,804
2896,2752
2897,6549
2897,6731
2898,4735
2899,9060
2903,857
2904,521
2906,2819
2908,4816
2908,8458
2909,8279
2910,9267
2914,8662
2915,4695
2916,4057
2917,3615
2918,4295
2918,9569
2918,2621
2918,8710
2921,1229
2922,3999
2923,4669
2924,4415
2926,6513
2927,3537
2933,9545
2935,7011
2936,10379
2936,10075
2937,8777
2939,8745
2940,6425
2941,3140
2944,2413
2944,6431
2947,10093
2951,7028
2952,3344
2959,6797
2962,4901
2962,3456
2963,8748
2963,8754
2964,7927
2964,3264
2965,9152
2966,4970
2967,9558
2967,7746
2969,6460
2971,3959
2971,6536
2973,7275
2973,5807
2974,2085
2974,3406
2976,5807
2977,9549
2977,6310
2979,9131
2981,3463
2982,1900
2989,5649
2990,4645
2991,1900
2995,7249
2996,10308
2997,4661
3001,4579
3007,4007
3009,10233
3014,4044
3015,4439
3017,9317
3022,1972
3023,3602
3029,3017
3029,3425
3030,9487
3031,4771
3032,2427
3032,4272
3034,10364
3035,1032
3041,9536
3041,9079
3042,10167
3042,5495
3043,4535
3045,4484
3047,2518
3048,7290
3048,10453
3050,3869
3052,8925
3054,1141
3055,6472
3057,4689
3059,5877
3062,463
3064,4824
3065,5109
3066,10136
3068,9705
3069,2256
3069,2272
3071,3175
3072,7204
3073,8407
3075,9241
3080,1599
3081,8364
3082,9010
3082,5008
3082,4233
3083,3312
3084,1443
3086,9812
3086,1698
3088,10429
3088,9413
3091,1877
3091,1034
3091,9468
3095,7296
3100,7435
3106,6357
3106,7009
3106,7969
3107,4094
3107,1479
3107,4968
3109,1711
3112,7531
3113,7825
3113,3357
3117,5089
3120,7855
3123,10022
3127,9198
3130,4326
3132,5131
3135,519
3139,1680
3139,7251
3140,106
3140,3487
3141,2233
3141,378
3141,8722
3143,8180
3144,9388
3147,130
3147,1149
3149,10359
3151,1006
3152,6811
3152,7134
3153,3334
3153,3509
3154,3166
3154,3334
3154,4010
3155,5160
3157,3430
3158,5118
3158,4558
3161,5257
3162,9441
3162,3441
3163,3800
3164,8658
3165,1700
3165,2154
3165,8807
3167,3160
3170,3441
3172,5767
3175,2940
3176,9486
3178,852
3181,95
3182,7750
3182,570
3189,4678
3190,8658
3191,2491
3191,903
3196,240
3200,6243
3204,10140
3205,8765
3210,3893
3211,10483
3213,7151
3214,6104
3214,6120
3216,9060
3216,3902
3221,937
3222,9817
3231,3287
3231,6834
3232,8385
3232,3255
3235,8513
3237,1060
3241,311
3243,4885
3246,1429
3248,7373
3248,9364
3248,1282
3249,10225
3257,7560
3258,6400
3260,3800
3260,2200
3262,3525
3265,5360
3268,1117
3271,2473
3271,3880
3276,1494
3277,6019
3279,4803
3280,1993
3281,769
3281,8179
3282,9534
3282,6189
3283,4370
3284,8624
3285,3140
3285,3691
3285,3483
3288,8005
3288,6249
3290,6361
3290,6004
3291,10475
3291,7254
3292,2375
3292,3401
3292,2942
3295,2861
3296,2944
3298,2650
3302,10278
3305,6464
3310,3092
3312,3362
3315,11
3315,8432
3315,4380
3320,1068
3322,3675
3325,8824
3327,5570
3327,5565
3329,7295
3329,7737
3331,420
3331,4416
3332,3335
3332,3340
3334,9265
3334,4014
3335,3396
3336,8527
3339,7013
3342,3321
3342,3336
3342,3340
3342,3327
3346,2220
3348,4189
3351,8140
3354,10127
3358,6937
3358,8379
3360,3869
3361,773
3362,9633
3364,709
3365,10064
3367,9812
3376,7306
3385,624
3388,8210
3390,108
3390,7059
3393,2374
3393,3849
3393,3574
3397,2473
3398,5992
3399,8368
3401,9934
3403,8454
3408,4613
3409,1926
3413,6617
3413,8502
3416,2105
3416,6435
3417,1394
3420,1889
3420,1891
3420,687
3423,6257
3424,9513
3426,3794
3428,1705
3428,9950
3430,8118
3431,7506
3432,5192
3433,8539
3433,3422
3433,3509
3440,9260
3441,4001
3442,3785
3442,8522
3448,1393
3450,9931
3452,1038
3453,9765
3454,6537
3455,1559
3455,9155
3456,2674
3456,9530
3457,2450
3459,907
3460,7358
3461,7145
3462,694
3464,7562
3465,5864
3466,4471
3466,7230
3467,7768
3468,3292
3473,5674
3474,6258
3475,10086
3476,9245
3477,8017
3482,8627
3483,1893
3485,1470
3486,7789
3488,2899
3499,430
3502,4318
3504,8354
3505,5246
3505,8479
3506,7512
3506,3068
3506,9650
3507,2972
3509,8383
3510,9264
3510,7562
3511,6144
3512,3521
3512,2529
3512,3169
3516,5982
3520,4007
3521,3999
3522,3156
3522,6992
3522,4014
3523,5736
3524,4034
3526,9697
3529,4924
3530,3369
3534,5349
3535,2300
3535,9222
3536,8747
3537,10260
3537,5367
3539,9606
3541,8752
3541,8744
3542,4512
3542,3547
3542,3553
3543,7561
3543,8671
3543,4554
3543,5758
3543,8258
3545,8395
3546,5237
3546,4512
3549,976
3549,3163
3551,7004
3553,7502
3554,3119
3554,9170
3558,404
3560,1400
3564,5325
3566,165
3566,9071
3569,3588
3570,7290
3570,1630
3571,7350
3573,9702
3579,4816
3579,5219
3580,3472
3581,5666
3585,2043
3585,2660
3590,7110
3593,2066
3600,3373
3600,4566
3605,5334
3606,7172
3607,4631
3607,8684
3607,5086
3612,5553
3613,5117
3614,2740
3620,2243
3622,4451
3627,1196
3629,9888
3632,6754
3637,344
3640,8045
3641,8182
3642,5365
3642,1781
3648,272
3648,4661
3648,10036
3649,1214
3649,9051
3651,729
3652,4872
3653,4006
3654,5303
3655,9597
3656,6121
3657,9255
3664,9769
3667,936
3667,8697
3668,3451
3670,2815
3670,2638
3671,1141
3672,4955
3675,7063
3675,7605
3675,4146
3676,7919
3682,4678
3684,4488
3684,9922
3685,5096
3685,5960
3685,3126
3685,7797
3688,1057
3690,7049
3691,2428
3694,2263
3694,6265
3695,2518
3696,10073
3696,10476
3696,7424
3698,8806
3702,9248
3708,8215
3709,10028
3709,3461
3710,4855
3711,9890
3712,3863
3712,3780
3714,4960
3719,6264
3720,4877
3722,3182
3722,5496
3723,5192
3725,4414
3727,5093
3729,3857
3729,6838
3730,10025
3731,4687
3733,7318
3736,3720
3737,7113
3738,6010
3741,2873
3744,5213
3746,5621
3747,8645
3747,6127
3750,7237
3751,8735
3754,3413
3757,2827
3757,8460
3758,7465
3759,2107
3760,2000
3761,3879
3764,1053
3766,1794
3780,36
3783,8785
3783,5507
3787,8754
3789,3846
3789,6017
3792,108
3793,2166
3795,2794
3799,8800
3800,6299
3802,9803
3812,4975
3816,6619
3817,8263
3825,1265
3829,4684
3829,3081
3829,6532
3832,9684
3833,7226
3836,8076
3837,7187
3837,9775
3837,4385
3839,4235
3839,5463
3841,3929
3843,8772
3846,5897
3847,7302
3848,1870
3850,6013
3853,1479
3855,476
3857,8573
3857,5787
3859,9169
3859,7371
3863,4745
3864,7641
3865,3800
3865,8518
3867,1889
3869,4902
3869,10434
3871,2213
3871,3761
3871,1677
3875,3114
3877,881
3878,2236
3879,6106
3885,8841
3885,10025
3885,295
3888,62
3888,9281
3893,9563
3895,3487
3901,6064
3906,92
3907,10297
3907,8911
3910,10086
3911,3352
3913,2253
3913,2255
3913,1877
3914,286
3921,7537
3921,5691
3924,3415
3925,7527
3925,3125
3925,659
3926,3036
3929,6558
3931,5086
3939,4855
3940,5257
3942,5570
3944,8022
3945,1470
3950,8627
3950,823
3954,3697
3956,8591
3958,8108
3959,1139
3960,8716
3962,9527
3965,7607
3968,2608
3969,4416
3969,8425
3970,9062
3972,7640
3974,1377
3976,6923
3976,4829
3977,9871
3978,6795
3978,5992
3978,5554
3982,6476
3983,7933
3987,2004
3989,6459
3990,9625
3993,8539
3993,3428
3993,9260
3994,3168
3995,8805
3995,7134
3996,4010
3996,8539
3997,3801
3997,8113
3999,4681
4000,6775
4001,2153
4004,10166
4007,222
4007,4127
4014,9156
4015,9583
4016,9501
4016,4006
4024,4450
4026,2882
4027,6625
4031,137
4036,6040
4039,8792
4039,8998
4041,70
4044,2042
4044,7478
4044,6941
4046,1012
4052,6772
4054,2376
4055,2472
4059,1774
4063,5950
4071,625
4071,5567
4072,2122
4075,5119
4076,9445
4078,1729
4079,4092
4081,6306
4081,8343
4083,9961
4084,9961
4084,6730
4085,8615
4087,5303
4091,4941
4095,7578
4098,1621
4102,1479
4108,7809
4112,5517
4113,9514
4115,9964
4116,3900
4117,6603
4117,8190
4123,7188
4124,4940
4124,4923
4128,4944
4129,4339
4133,2078
4134,7210
4135,4624
4136,3464
4137,1919
4138,3140
4138,8442
4138,10135
4139,5475
4140,3578
4144,3182
4145,7209
4147,9624
4147,10059
4148,5505
4153,7981
4155,5198
4155,6570
4163,5665
4169,4030
4171,6365
4172,10170
4173,1876
4175,5824
4176,10330
4177,3597
4179,1798
4179,6516
4181,8531
4182,4583
4182,3916
4183,1924
4186,1690
4188,4263
4190,3249
4191,3311
4192,4695
4194,2651
4197,6118
4200,4094
4205,5358
4205,8291
4205,3886
4206,3326
4208,4544
4208,9176
4209,1107
4209,5303
4212,4453
4213,9282
4214,8571
4217,3757
4218,8586
4219,1959
4221,3607
4222,6261
4223,6941
4227,9856
4230,3755
4230,10200
4230,2570
4231,4057
4237,4930
4243,5333
4245,7002
4246,7094
4253,9236
4254,5732
4255,8378
4256,2336
4258,1891
4258,5744
4261,6298
4261,2280
4262,2319
4266,4238
4268,1788
4269,6601
4269,370
4272,6221
4272,4269
4282,4188
4283,6204
4285,2697
4289,7135
4289,7493
4291,282
4292,8334
4294,7355
4297,9315
4298,10332
4300,10105
4301,2103
4305,7589
4306,10361
4307,8627
4310,2827
4311,7413
4311,1526
4315,7822
4320,420
4321,5923
4327,7829
4327,4336
4328,7217
4330,8082
4331,4057
4332,4327
4332,7714
4333,10313
4334,6783
4335,7827
4339,8770
4344,202
4345,9150
4346,8797
4347,30
4348,8408
4353,4877
4354,8034
4356,5822
4356,7275
4358,4361
4359,8322
4362,955
4366,4488
4371,7882
4373,4990
4374,6058
4377,3262
4378,4618
4378,6602
4380,1700
4380,4145
4381,10131
4382,2454
4382,6858
4383,8176
4386,3937
4387,4120
4388,10009
4389,7104
4389,195
4393,3566
4394,4688
4396,5654
4396,6486
4398,7726
4399,4396
4401,372
4406,5961
4407,7611
4407,3230
4410,365
4410,8443
4411,1807
4412,2262
4416,3331
4418,10038
4423,2288
4426,5918
4426,280
4428,6287
4429,7891
4429,7090
4430,3021
4430,1677
4430,6251
4431,1961
4434,2963
4439,6410
4439,9858
4440,9864
4440,3418
4443,4466
4443,8945
4444,1646
4445,3741
4445,2412
4446,8529
4448,2948
4449,2272
4451,6192
4454,8579
4456,3123
4457,2129
4461,7499
4462,9655
4466,5027
4467,436
4468,4684
4472,8755
4472,3422
4479,4496
4483,9920
4483,8176
4485,6066
4485,8357
4489,4658
4491,9195
4492,1476
4494,4421
4495,6602
4502,8172
4503,6134
4503,1087
4505,8422
4506,3433
4507,4953
4508,5413
4508,4746
4509,1034
4511,6072
4512,3547
4512,3554
4515,5137
4515,5076
4517,10338
4523,1276
4527,8024
4534,3116
4538,5939
4538,3432
4538,4010
4540,3794
4541,4546
4542,4548
4543,1711
4544,8929
4545,2814
4546,5322
4549,5951
4550,5952
4550,221
4551,8907
4552,4556
4556,2248
4557,10437
4561,9386
4562,505
4569,4301
4570,4170
4571,1181
4572,507
4576,7388
4578,9452
4579,8687
4582,3512
4584,10000
4584,8182
4590,7567
4592,6513
4600,4373
4608,7025
4609,6585
4610,1790
4611,10310
4613,1527
4616,2975
4617,2169
4619,6034
4621,6383
4621,9888
4622,1786
4627,5117
4627,10327
4627,1847
4629,7399
4631,236
4637,8685
4644,8215
4647,7431
4648,9211
4649,4463
4652,2671
4656,4379
4658,4728
4658,9402
4659,7995
4661,8043
4661,4335
4664,1288
4666,10309
4667,6831
4670,3286
4677,8749
4679,10098
4680,6371
4686,10213
4688,8818
4689,6390
4692,7730
4694,71
4703,2121
4709,5591
4710,6569
4712,5679
4712,1238
4713,406
4713,1344
4714,8627
4719,3205
4719,10282
4720,142
4723,10442
4724,10508
4726,10309
4727,6571
4728,294
4729,9679
4731,7025
4732,5894
4733,9075
4734,2251
4736,4309
4739,4324
4740,3176
4741,6777
4742,4271
4746,6667
4747,5913
4748,102
4749,8886
4751,2246
4755,4739
4757,6249
4757,7315
4765,4403
4770,5507
4770,6790
4771,5368
4785,3380
4789,5458
4790,1719
4791,4773
4792,6855
4793,5596
4798,1441
4798,10095
4799,8123
4800,9064
4803,9681
4806,1367
4807,3230
4808,8828
4809,9534
4810,7433
4812,1971
4814,1097
4814,10272
4815,10340
4815,2877
4816,2908
4816,3579
4816,5219
4824,3064
4829,4807
4833,1053
4834,4669
4835,9633
4836,272
4836,7918
4848,3470
4850,4888
4851,8525
4854,5237
4855,3906
4857,7347
4858,8729
4859,10347
4859,6056
4861,3028
4861,8996
4863,10480
4865,8001
4872,9437
4872,5526
4876,1488
4881,1219
4881,7471
4882,4042
4884,2332
4885,9486
4890,9983
4891,2881
4893,5135
4895,2627
4895,2419
4897,5986
4907,7758
4907,5676
4907,2509
4913,2959
4913,1550
4913,4741
4913,5576
4915,2615
4916,4724
4917,6200
4918,2369
4923,1851
4925,1291
4926,3351
4929,2194
4930,2574
4931,3163
4935,6985
4939,4972
4946,5723
4947,9186
4955,1989
4955,6365
4956,4610
4957,9193
4958,2099
4961,2902
4962,4765
4964,7544
4966,9943
4969,4977
4969,3489
4969,3499
4969,4972
4969,3977
4970,9921
4971,6004
4976,8111
4977,4986
4977,3977
4977,3499
4977,437
4978,4129
4979,1679
4981,519
4983,9317
4984,1970
4985,2687
4986,7959
4993,5837
4993,3440
4993,4584
4997,9943
5001,7399
5001,4460
5003,3888
5006,1015
5008,4737
5010,4524
5011,8159
5019,65
5024,7752
5026,8261
5027,7041
5030,5150
5031,1044
5032,10158
5035,454
5036,10155
5037,7564
5039,1362
5040,2054
5040,4433
5041,2285
5049,3514
5054,6985
5057,5486
5063,673
5068,4458
5070,9665
5076,5316
5078,5365
5085,3372
5088,8961
5089,623
5089,6497
5090,8682
5091,10064
5091,7000
5092,1141
5092,3974
5095,10074
5099,2017
5100,4727
5101,1133
5106,9539
5106,3574
5107,6572
5108,5324
5110,2789
5115,3747
5117,3440
5117,3546
5118,317
5119,8527
5124,1200
5128,277
5134,1472
5138,5919
5138,2751
5141,2362
5144,10332
5145,3169
5145,4016
5147,1669
5148,1310
5150,10018
5153,4793
5154,132
5159,1493
5165,9467
5168,2632
5169,512
5173,653
5173,5088
5175,9437
5176,684
5177,803
5181,7542
5182,9392
5182,5018
5183,1362
5184,4904
5185,1618
5190,4559
5190,2777
5191,531
5199,10422
5200,1273
5202,9081
5204,1969
5206,8310
5207,8898
5209,9183
5210,2814
5210,9417
5212,4754
5212,6996
5212,8157
5213,1277
5213,1298
5214,3047
5215,6572
5215,7162
5216,8287
5218,2033
5218,5944
5218,5292
5219,3887
5220,5219
5223,8437
5227,7789
5227,2019
5232,6987
5232,1656
5235,10200
5237,3529
5239,2486
5241,3941
5243,8930
5245,5762
5245,3147
5245,5250
5245,5594
5248,6984
5249,2478
5250,3304
5250,131
5252,5255
5252,8930
5252,4075
5254,2434
5255,5599
5256,5179
5256,9925
5256,4276
5259,5239
5260,5573
5261,8988
5263,8426
5263,4420
5263,8638
5264,10400
5264,6819
5270,6937
5271,1463
5272,9588
5272,8742
5273,9645
5275,6863
5277,3300
5279,8328
5280,10198
5281,4352
5281,8420
5284,3963
5286,5931
5287,7654
5288,2864
5290,680
5291,6006
5292,5856
5292,3477
5297,2962
5300,6741
5300,4395
5303,4546
5306,7150
5307,6238
5308,4913
5309,7871
5309,6503
5311,7165
5312,9385
5313,5026
5315,5059
5315,4524
5315,5388
5319,7770
5321,8254
5322,960
5322,3786
5324,8927
5325,8604
5330,6834
5332,8193
5334,1906
5341,2766
5341,2769
5347,5836
5354,8782
5357,5104
5357,8107
5359,7478
5360,3558
5361,5555
5362,8961
5363,3420
5363,2204
5364,184
5367,8550
5367,5866
5370,1287
5370,7050
5373,355
5374,5417
5374,2231
5375,4274
5377,494
5379,5530
5379,348
5381,6788
5383,4906
5386,9983
5387,243
5392,5691
5392,7805
5395,2979
5400,9996
5408,4018
5409,1163
5411,862
5415,8979
5416,8534
5418,6782
5419,3123
5419,6045
5431,6270
5436,8216
5437,8586
5442,5552
5443,2052
5446,3030
5447,8675
5449,10126
5449,1764
5452,5447
5462,9567
5464,2248
5464,9523
5469,6474
5469,6838
5471,6950
5471,6946
5471,242
5471,1612
5472,2824
5472,7514
5473,8675
5474,9768
5474,3664
5476,3474
5478,2988
5482,7567
5482,1090
5483,5968
5486,3537
5489,6665
5491,7857
5491,9749
5494,8950
5505,1051
5506,9992
5508,2652
5515,6103
5515,5358
5519,6703
5519,10450
5520,4322
5521,5017
5523,4131
5523,8461
5523,4985
5525,8696
5525,2927
5528,6374
5529,6927
5531,9397
5534,8756
5534,6780
5535,8785
5536,2675
5540,6127
5546,3451
5547,8518
5551,10021
5553,7816
5555,8775
5558,6084
5563,6031
5564,2239
5564,8904
5565,5569
5565,9126
5566,1948
5566,5568
5566,9965
5567,4057
5568,5890
5569,7830
5570,9951
5574,1725
5576,5582
5576,6396
5579,5568
5580,10385
5580,8108
5581,137
5581,6660
5581,4877
5583,5894
5586,2298
5587,6484
5589,9847
5593,6218
5599,5591
5599,2481
5600,8491
5601,2277
5602,7245
5604,7928
5608,9443
5608,4506
5610,6278
5610,10197
5611,5609
5613,386
5617,1727
5624,9780
5625,8362
5632,4266
5634,3638
5635,4468
5635,1840
5636,5290
5638,5491
5650,5014
5650,4573
5650,5008
5651,5649
5652,240
5653,7812
5658,9341
5658,8805
5659,6464
5660,4654
5673,1013
5675,6573
5677,9558
5679,2231
5683,8208
5685,1641
5687,4356
5687,952
5689,438
5692,400
5696,7946
5700,6106
5703,2774
5712,1087
5713,3388
5715,5718
5715,4358
5716,3480
5718,8035
5718,4362
5718,9142
5719,8848
5722,2752
5722,6645
5723,5274
5725,2932
5725,2650
5726,5582
5726,7823
5727,6701
5728,4509
5728,6246
5730,6101
5730,9957
5734,3133
5735,10267
5738,9013
5738,5288
5738,1238
5741,6441
5743,5731
5744,3761
5744,6994
5749,6435
5751,3458
5752,3112
5755,8058
5757,1032
5757,9449
5758,8738
5759,8382
5761,7288
5761,7021
5763,725
5767,1403
5769,8365
5773,2990
5773,6888
5774,10428
5776,7083
5778,4257
5779,6204
5781,10091
5782,504
5787,8198
5788,7730
5789,777
5790,3583
5790,8784
5791,794
5792,8715
5793,9358
5800,3221
5801,1074
5804,4483
5805,10225
5805,7481
5807,956
5809,2965
5810,7258
5812,7340
5813,764
5814,5670
5815,7418
5816,4987
5816,3381
5819,7268
5819,805
5820,5057
5823,4345
5823,9144
5823,5827
5825,5821
5827,5807
5829,8442
5829,5189
5830,5710
5830,5819
5833,3691
5833,1809
5836,2857
5839,3708
5839,7833
5843,1720
5845,6759
5851,5583
5862,378
5862,5425
5866,2418
5867,8059
5870,8268
5873,5565
5876,264
5877,3549
5878,7717
5881,7096
5883,8881
5884,1099
5885,163
5885,6404
5885,1094
5886,1149
5887,5220
5890,3355
5892,9488
5894,1097
5895,7237
5897,9281
5897,3398
5898,5966
5899,2425
5899,2410
5900,2200
5901,6771
5901,6959
5907,5213
5907,1893
5910,2421
5911,42
5911,6692
5914,5521
5914,3420
5915,6429
5918,3012
5919,4306
5920,7499
5922,7606
5926,2286
5927,10414
5930,10362
5930,8378
5931,2425
5932,854
5932,7651
5932,2398
5933,2531
5933,3275
5934,7334
5934,6051
5936,4997
5944,5233
5944,2376
5944,8010
5945,3669
5946,10229
5947,3556
5948,5952
5948,5951
5948,4536
5953,3059
5953,1345
5954,9402
5956,4266
5956,2936
5960,6248
5961,8084
5961,6241
5962,5495
5968,3293
5969,788
5969,5376
5973,8626
5974,9698
5974,7235
5975,1635
5984,7456
5990,8506
5991,1303
5991,2869
5994,9217
5995,7986
5997,1969
5998,1120
5998,7939
6003,1577
6004,8571
6007,3749
6007,9339
6008,4733
6011,10340
6013,1438
6015,7996
6017,8883
6019,3404
6019,5182
6020,3512
6021,9497
6022,4997
6022,8627
6026,7201
6028,8847
6029,4142
6033,6040
6034,7071
6040,2108
6041,8467
6044,1570
6045,9325
6049,8352
6050,2203
6050,4368
6051,5658
6056,2467
6057,3135
6057,2169
6059,8532
6059,6200
6059,9020
6063,4479
6063,9250
6066,4223
6068,8764
6069,7413
6069,1428
6070,2004
6071,4903
6073,8877
6073,10102
6077,9412
6077,9245
6078,77
6080,1307
6082,1805
6089,443
6093,3849
6094,6067
6095,3901
6097,4453
6099,3677
6101,7061
6102,117
6102,1082
6103,1654
6103,10244
6103,9472
6105,2132
6106,3694
6113,7758
6113,6065
6114,2276
6116,3883
6116,1895
6117,2395
6119,10037
6124,2432
6124,9965
6126,7502
6130,4774
6130,7850
6130,10305
6131,5556
6131,5900
6132,22
6135,7232
6140,2940
6145,8683
6147,1094
6151,937
6151,6659
6151,1120
6155,3882
6157,2361
6159,8764
6160,3488
6160,8294
6164,5552
6167,965
6173,6144
6176,4182
6176,6698
6177,8615
6178,5621
6185,7596
6187,1016
6188,9882
6190,2573
6190,2065
6191,4429
6195,8583
6200,6059
6204,797
6208,584
6209,636
6209,9924
6213,2129
6216,9803
6216,7456
6216,10352
6220,1889
6224,2241
6228,7136
6229,6199
6231,8622
6231,3590
6233,4828
6234,10087
6236,5959
6240,4494
6244,1700
6248,9939
6249,4414
6257,9059
6258,6364
6263,5303
6264,9763
6265,1077
6265,6748
6268,10094
6269,4895
6273,10161
6276,6722
6278,7204
6279,7328
6280,2957
6280,6668
6281,5755
6282,8021
6283,5264
6287,8727
6288,6217
6290,5606
6291,1592
6291,1148
6296,8196
6296,7771
6297,9511
6298,5789
6299,1870
6301,9149
6302,9646
6304,8849
6304,595
6304,581
6307,9196
6308,8959
6309,4113
6310,5731
6310,2399
6312,4675
6312,10048
6312,8063
6314,937
6318,10403
6322,8408
6330,10200
6337,725
6338,6192
6338,2168
6340,1304
6342,1947
6345,10404
6347,5526
6352,9748
6353,5830
6354,6494
6354,5680
6355,5866
6357,4044
6359,5609
6359,1627
6361,4665
6364,436
6364,6675
6367,5356
6375,2865
6376,1747
6378,5844
6379,8384
6379,6016
6380,8085
6381,8380
6382,10094
6386,7981
6389,5422
6390,4907
6390,2035
6391,8953
6393,9709
6394,7840
6394,1678
6395,9842
6395,443
6396,5570
6397,9640
6397,8295
6398,4688
6401,7612
6403,3429
6403,3611
6406,262
6407,10504
6407,2045
6410,2972
6414,2981
6414,2973
6415,1777
6415,8384
6416,6317
6417,4782
6417,5435
6419,1348
6419,9894
6425,1541
6431,9870
6431,7736
6432,6242
6434,430
6436,1802
6439,5012
6440,8541
6442,1526
6448,5968
6451,7843
6455,7750
6456,4567
6461,7358
6463,6004
6465,5844
6467,8011
6473,6260
6475,3523
6479,6380
6480,2446
6483,3843
6483,6676
6484,8070
6485,8800
6494,4644
6503,3461
6505,5967
6512,7819
6517,6717
6519,5708
6519,1524
6522,5561
6522,10316
6526,4738
6527,731
6528,5101
6529,8866
6530,2958
6531,735
6531,6520
6536,4839
6538,2076
6544,6878
6545,1651
6545,6988
6545,2471
6549,5322
6557,3574
6557,8002
6557,2785
6559,9623
6560,214
6563,2430
6566,8125
6573,2837
6576,7454
6578,790
6580,7865
6581,2908
6582,5303
6585,8528
6588,4757
6589,8402
6590,7938
6596,8751
6597,987
6597,2789
6598,7581
6599,2740
6600,1205
6600,8526
6602,939
6603,4958
6606,7723
6607,7162
6609,2132
6610,1838
6613,7835
6614,4114
6615,6447
6615,9861
6620,10112
6620,4646
6621,5151
6622,9063
6628,10310
6629,1082
6631,6501
6631,2444
6632,7520
6633,9366
6636,4560
6640,10369
6642,2767
6643,3158
6649,4243
6652,4907
6652,8957
6652,1703
6655,8851
6657,2810
6657,1646
6657,4085
6664,7209
6671,2568
6674,9761
6676,1579
6681,917
6683,6308
6684,10390
6686,4227
6689,7452
6693,5086
6695,7340
6696,4170
6702,7784
6703,1001
6704,8442
6704,2328
6705,5312
6707,5195
6708,5474
6713,653
6715,5748
6717,4879
6721,7901
6722,6540
6723,3077
6729,4086
6732,5728
6732,9834
6733,8612
6733,8614
6733,8787
6745,2034
6749,6100
6749,6323
6752,9155
6753,7012
6759,9343
6759,5894
6760,2822
6761,5385
6762,3761
6764,6768
6766,7149
6769,7154
6770,9606
6776,2248
6778,5313
6784,8110
6786,5898
6787,7642
6791,4056
6791,3558
6793,9198
6794,2369
6794,620
6795,3374
6796,512
6801,10278
6803,1162
6803,4337
6804,7088
6805,9042
6809,73
6809,4512
6812,6676
6812,5841
6814,5865
6815,1367
6816,9428
6817,2558
6818,5683
6819,258
6819,3317
6822,3974
6826,4343
6826,2518
6827,9399
6829,5335
6830,5539
6832,2241
6836,114
6839,3757
6850,8854
6850,7423
6853,8543
6856,10104
6857,8111
6858,8848
6864,1319
6864,3998
6866,3950
6869,6266
6874,9126
6875,7120
6877,1312
6879,8237
6879,2123
6883,4029
6883,3207
6902,4271
6906,7320
6907,7121
6908,127
6908,6749
6908,3874
6909,5369
6909,3680
6909,9461
6910,363
6910,5486
6912,2641
6912,7133
6916,5125
6917,1683
6918,10484
6919,4963
6919,1788
6921,3645
6924,10065
6926,76
6927,5812
6928,1366
6929,1482
6930,5753
6931,10197
6932,6368
6934,8774
6935,2864
6938,7489
6940,8154
6942,6824
6945,1507
6947,1766
6949,2347
6949,4517
6952,3295
6954,2473
6954,10194
6963,665
6964,2752
6965,7388
6969,3871
6971,4938
6974,661
6975,255
6975,5615
6978,34
6978,5538
6979,9006
6980,6203
6983,8103
6984,9427
6986,3168
6991,3172
6991,3160
6995,4044
6996,6616
7003,1208
7005,6773
7006,8862
7007,8811
7007,7554
7007,4091
7007,3558
7010,1213
7011,5048
7013,3238
7014,2977
7018,4241
7019,4493
7020,7488
7022,8835
7023,2835
7025,1609
7028,10047
7030,2937
7034,7708
7035,5720
7035,9196
7038,7470
7041,38
7046,9636
7047,10101
7048,422
7048,1634
7050,6173
7051,10202
7051,9806
7051,7977
7052,2310
7053,3702
7058,3981
7059,10323
7059,6220
7060,9500
7060,8298
7061,2652
7063,3667
7064,5607
7065,4487
7067,1483
7068,4841
7073,9780
7073,2149
7076,2748
7082,8383
7082,5328
7086,900
7092,5947
7098,5633
7098,719
7100,5062
7103,7606
7104,7799
7106,2498
7110,6731
7115,599
7116,4723
7116,5892
7119,6265
7121,2520
7121,9891
7122,5728
7123,1254
7125,1654
7125,8596
7125,6444
7128,1375
7129,7985
7129,7151
7130,7678
7130,919
7132,5507
7134,8006
7145,4135
7150,3841
7154,6547
7156,9691
7160,2034
7160,7831
7161,10313
7164,2511
7171,7350
7173,8008
7173,7331
7176,10028
7180,2658
7185,9972
7185,8289
7186,4034
7186,10009
7186,1192
7187,1696
7194,2875
7194,1785
7195,8089
7197,6020
7201,3781
7204,8138
7204,2957
7205,714
7205,6003
7205,4907
7206,9765
7207,1679
7211,5577
7211,5569
7212,2896
7213,10187
7218,7614
7219,3734
7223,5555
7223,9225
7224,311
7227,4471
7227,1678
7228,3810
7230,4127
7234,2704
7235,7371
7239,5132
7239,8617
7239,9604
7240,8041
7240,4200
7241,7393
7250,1126
7250,8815
7251,2516
7252,3191
7252,7527
7253,8660
7256,2080
7256,7255
7259,7262
7259,7271
7259,7276
7259,9129
7259,9141
7260,7274
7260,7277
7260,7259
7260,7282
7262,9139
7262,7279
7262,9141
7262,9144
7262,9150
7262,9149
7263,7273
7263,9128
7266,7272
7266,9128
7266,9131
7266,7276
7266,9135
7268,6301
7270,9128
7270,9139
7270,9141
7270,7266
7271,9148
7271,9128
7271,9139
7271,9134
7271,9141
7272,9148
7272,7262
7272,9131
7272,9139
7273,7281
7273,9133
7273,9136
7273,9141
7273,7279
7273,9129
7274,9135
7274,7279
7274,9139
7274,9152
7274,9149
7275,823
7277,5825
7279,7262
7279,9150
7279,9132
7279,7274
7279,9149
7279,7272
7279,9128
7279,7266
7281,2976
7282,7279
7282,9150
7282,7260
7284,7103
7285,1751
7287,9501
7289,1089
7290,6518
7290,4412
7290,1291
7293,10435
7294,3697
7295,272
7295,7796
7297,3341
7297,9812
7298,4401
7299,3099
7300,7790
7300,4198
7302,4458
7305,1583
7306,10088
7309,5533
7311,32
7311,8281
7313,8041
7314,10257
7314,8828
7314,7242
7315,5008
7316,8846
7318,4309
7318,7586
7322,448
7324,3833
7325,7837
7325,2785
7328,6525
7329,5410
7329,5043
7332,4158
7333,5918
7338,3372
7338,536
7339,7502
7342,5116
7345,6483
7347,4705
7350,5680
7351,7873
7351,4201
7354,6714
7354,7246
7356,9410
7357,5369
7357,8043
7360,1683
7360,7320
7361,8362
7364,6377
7364,6196
7367,7343
7367,587
7368,9823
7369,3971
7369,2558
7373,3616
7373,7069
7374,9755
7379,1299
7386,6189
7387,90
7387,6248
7391,1567
7395,687
7397,1679
7402,5652
7405,5977
7405,10323
7407,6580
7407,3336
7408,3635
7413,2640
7413,1920
7422,3916
7424,6155
7425,3879
7429,7612
7430,817
7432,3529
7434,9457
7436,3065
7436,4120
7437,6020
7441,4309
7448,6274
7448,9247
7448,5898
7449,3273
7451,1278
7453,3757
7455,7334
7455,1884
7458,989
7464,7328
7465,2689
7470,3992
7470,8026
7472,3757
7473,4833
7474,10115
7475,6380
7477,9610
7477,3292
7478,1574
7479,10450
7479,1429
7480,3216
7481,4201
7483,7982
7489,6951
7495,4217
7498,7825
7499,6199
7501,2874
7504,7004
7505,6638
7508,8111
7510,6858
7513,1218
7514,10048
7514,2619
7514,3265
7516,9773
7519,6243
7524,9188
7526,7947
7528,3217
7528,9994
7530,9417
7538,8608
7540,4211
7540,56
7541,7531
7543,3913
7546,3374
7549,4637
7549,7225
7550,7082
7550,2199
7551,5215
7551,8532
7553,7559
7556,9646
7559,2649
7560,9006
7562,3169
7564,1702
7564,8647
7565,7514
7567,7146
7568,4793
7568,8589
7571,1334
7573,3547
7574,3549
7574,8136
7576,6035
7583,237
7584,4621
7586,3124
7589,2811
7591,1926
7598,5713
7605,9827
7605,3697
7610,6928
7613,3909
7616,9964
7617,8248
7619,9768
7620,5077
7624,1409
7626,4089
7626,581
7628,5526
7629,2247
7629,6351
7630,6891
7636,755
7636,9197
7641,7405
7641,7131
7642,7800
7644,8923
7647,8629
7650,1867
7653,4232
7653,8697
7657,6378
7660,4064
7665,9109
7668,1341
7669,616
7673,4013
7673,6515
7678,3761
7681,2673
7684,1219
7684,487
7685,2545
7686,5211
7688,2860
7689,8386
7690,4661
7692,8502
7692,6983
7692,2433
7696,7855
7696,550
7698,3690
7701,10053
7702,3800
7704,6239
7705,6817
7708,1838
7716,7883
7717,6870
7717,2462
7728,6259
7728,2516
7730,9868
7731,1916
7734,270
7735,7517
7740,9191
7743,4913
7743,4283
7747,9718
7749,8787
7753,4145
7755,6573
7755,7187
7756,10091
7756,2896
7757,8382
7758,8008
7762,7150
7762,4911
7762,2429
7766,6473
7771,43
7772,7170
7774,1884
7775,9606
7784,7399
7791,8292
7795,3595
7798,1877
7798,10216
7799,4044
7802,9676
7805,5236
7806,9060
7806,10300
7807,8172
7807,935
7810,9320
7813,2765
7815,5350
7816,6184
7820,8856
7820,9592
7829,3096
7830,4285
7833,7951
7836,7082
7837,4984
7839,8322
7848,4421
7848,2493
7849,245
7850,7935
7850,8576
7851,9882
7856,9440
7858,2674
7862,8449
7863,2422
7869,9388
7871,5617
7873,2349
7877,2006
7879,5900
7879,10483
7883,7720
7884,8202
7884,10310
7888,6822
7893,10387
7895,8011
7895,2526
7899,4304
7900,4960
7900,5660
7907,3094
7909,3616
7909,6682
7911,7910
7913,6410
7914,4983
7914,9201
7915,8911
7917,9530
7918,8831
7918,6402
7919,7784
7925,8504
7925,5075
7927,7001
7928,9461
7929,3129
7929,7874
7931,4957
7932,1463
7932,7583
7935,3226
7936,9997
7936,9979
7936,6630
7938,6153
7938,8465
7940,3004
7944,7336
7944,6046
7946,3488
7947,1669
7949,842
7956,2511
7956,8078
7957,1753
7959,9657
7965,10315
7966,7004
7970,948
7974,1087
7974,7358
7977,7883
7979,4559
7980,5704
7984,4156
7986,6296
7986,8455
7987,2650
7994,1041
7995,1647
7995,2074
7999,5217
7999,8688
8000,6524
8000,9891
8000,8512
8003,8592
8005,6811
8005,4313
8009,6326
8010,3650
8013,9394
8014,7764
8016,10230
8018,8660
8019,6470
8021,9762
8022,202
8023,8942
8023,10191
8025,5866
8025,2213
8025,4258
8031,167
8042,4986
8045,4444
8049,2929
8050,4234
8053,3242
8053,9827
8055,4840
8058,2482
8062,1067
8065,3398
8067,4324
8068,8248
8074,7722
8074,3395
8079,9613
8080,2624
8082,8769
8083,9676
8092,9195
8094,3904
8098,9836
8098,8328
8099,9692
8101,3428
8101,4007
8102,499
8106,3442
8108,5705
8109,8106
8113,5085
8116,4836
8118,2392
8119,1530
8120,5657
8122,9715
8122,9337
8123,7915
8124,9451
8126,1352
8127,4726
8129,5037
8132,8986
8133,8444
8134,5290
8135,814
8136,1728
8139,9748
8143,7213
8151,4746
8154,6934
8155,8359
8155,10349
8157,7931
8160,5465
8161,9528
8161,1287
8162,8159
8169,4554
8172,4578
8172,72
8173,6261
8180,6302
8180,3557
8181,6226
8182,1826
8182,3375
8185,5117
8186,1270
8187,5671
8191,6221
8193,6225
8195,3601
8195,8105
8195,4978
8196,8001
8200,7302
8205,1954
8207,5350
8208,2063
8211,2328
8216,8731
8217,5980
8222,8403
8222,1496
8224,3925
8227,7947
8227,2174
8228,861
8231,6136
8234,2272
8238,4177
8239,4634
8241,10490
8241,9974
8243,10167
8247,5266
8247,9478
8248,8407
8251,5211
8260,3789
8263,4750
8263,8289
8265,9020
8265,8395
8266,6616
8269,1385
8270,1531
8272,8748
8272,4320
8275,6919
8276,8823
8277,2370
8279,8277
8281,6246
8282,5173
8293,7031
8295,8686
8299,5415
8300,1349
8303,3534
8311,2837
8315,9056
8322,8172
8323,4985
8326,4495
8332,8918
8334,900
8337,10338
8337,8629
8339,31
8341,5006
8343,8488
8344,6659
8345,9502
8346,2697
8346,3752
8348,8752
8348,7963
8351,1277
8351,5941
8355,1696
8358,5502
8358,9743
8358,9821
8360,3678
8363,7167
8363,9062
8367,4766
8369,4077
8369,6230
8371,2025
8378,8529
8379,7718
8381,1678
8381,6843
8383,1178
8384,6376
8387,5624
8388,5852
8390,2272
8399,9214
8399,4086
8401,1117
8405,4219
8406,8914
8408,7818
8409,571
8413,3493
8414,4563
8414,6031
8415,191
8418,7990
8419,3400
8420,4064
8424,9284
8427,7737
8427,2129
8428,7610
8429,10127
8432,5775
8433,2927
8434,125
8437,8445
8438,8185
8441,9739
8442,3351
8442,2263
8443,3242
8445,1277
8445,3680
8446,8543
8449,7729
8449,10463
8451,10125
8456,8678
8458,5219
8458,3579
8461,8467
8463,6148
8467,2757
8467,8866
8467,3389
8474,8360
8475,485
8477,3638
8478,3479
8479,5239
8481,3929
8484,7794
8486,6665
8488,8492
8488,5246
8489,9866
8490,845
8492,6771
8498,513
8498,7646
8501,8926
8502,8492
8504,4396
8504,4910
8508,8678
8510,4733
8513,2093
8514,9966
8519,7865
8519,8505
8520,9501
8520,5733
8522,993
8524,6919
8529,4453
8531,2012
8531,8515
8534,10516
8538,8075
8540,5186
8541,852
8542,1854
8542,1513
8542,3420
8542,4274
8542,1370
8543,2661
8544,975
8546,2421
8550,2708
8554,1220
8557,5290
8559,1679
8560,8228
8560,9377
8561,1728
8568,2233
8571,3901
8577,357
8577,7774
8577,6823
8580,6091
8585,5796
8586,4982
8587,7034
8587,1318
8592,1843
8593,2701
8594,1956
8595,1969
8596,7969
8596,2213
8596,2354
8598,9667
8601,253
8602,3680
8605,7985
8606,6103
8607,7931
8608,8609
8608,8620
8610,9343
8612,8597
8612,8605
8613,10260
8614,2159
8615,2019
8615,7121
8618,10033
8620,1328
8621,7531
8622,9964
8626,3283
8627,64
8627,7175
8636,4723
8636,3119
8637,1898
8638,7468
8650,8411
8652,3175
8655,4958
8656,2786
8658,8916
8658,9164
8665,3057
8666,1041
8670,6723
8673,8459
8674,6035
8676,8692
8677,540
8678,5661
8683,5442
8684,1782
8689,4778
8690,3129
8692,4332
8693,5979
8693,9873
8695,5835
8697,9277
8697,1946
8698,5012
8700,3888
8700,7010
8701,3706
8701,3899
8702,7850
8702,3871
8704,8798
8706,6104
8709,2033
8709,10227
8710,7771
8711,280
8712,10399
8712,5186
8713,4615
8717,6845
8717,1806
8721,8796
8724,8398
8728,10466
8728,2076
8729,6134
8730,1205
8732,5469
8733,1318
8736,8261
8737,9956
8739,8736
8743,8755
8744,2243
8745,9209
8745,3169
8746,3559
8747,408
8748,2963
8748,8755
8752,9372
8753,9209
8755,5947
8756,10039
8757,3169
8757,4056
8763,1978
8764,247
8765,9366
8767,6383
8768,10431
8769,4408
8771,5679
8772,3127
8772,6465
8772,8720
8775,3104
8775,8026
8776,1133
8777,5354
8782,3851
8782,6250
8783,5787
8787,8610
8787,7985
8787,8606
8795,5101
8796,2687
8797,3143
8799,8761
8800,4763
8801,7034
8806,1972
8806,2877
8806,2997
8810,6822
8816,8814
8820,5232
8822,8832
8823,8819
8828,4407
8829,10059
8829,6758
8833,6320
8839,4178
8840,377
8842,5490
8843,3767
8846,9441
8848,9183
8852,7854
8853,1360
8855,7425
8856,4981
8859,7590
8861,6802
8861,5894
8864,10158
8866,2199
8868,8289
8871,7115
8876,2748
8876,4573
8877,10315
8879,4312
8882,9466
8884,7351
8885,160
8885,8828
8888,6937
8890,1062
8892,4252
8894,4973
8895,6863
8895,1441
8896,6989
8897,3439
8898,9780
8899,6642
8901,6984
8903,5108
8903,4323
8904,7735
8906,6192
8907,4553
8909,9162
8912,7216
8914,3170
8914,4006
8916,2178
8917,2937
8918,9857
8918,5588
8923,7692
8928,8490
8929,1204
8931,3478
8933,3075
8936,2471
8962,714
8963,9908
8964,9528
8972,2505
8974,215
8975,8470
8975,5836
8975,7224
8977,4586
8980,3874
8986,4689
8988,4156
8989,2656
8991,8070
8994,6296
8995,8508
8996,4479
8997,10039
8999,1547
9000,7058
9001,2581
9003,44
9004,7736
9004,133
9005,7726
9006,8915
9006,3528
9006,9265
9007,4043
9009,4447
9011,2378
9013,3734
9022,9776
9022,9227
9024,8615
9027,1094
9031,2651
9032,108
9032,6059
9033,1703
9040,10294
9046,7734
9047,4064
9048,9721
9050,4286
9051,896
9055,5263
9057,6935
9059,8592
9060,5508
9064,4273
9065,10212
9069,1732
9069,1273
9072,1351
9072,4486
9073,7997
9073,1697
9074,5852
9078,236
9081,4778
9085,4382
9085,8877
9089,7135
9090,7941
9090,911
9094,3246
9106,9209
9112,5601
9113,6942
9115,230
9115,48
9115,184
9116,3094
9117,3206
9117,9422
9118,6342
9118,6351
9119,7700
9119,2237
9121,7797
9123,3516
9123,6981
9125,9461
9126,1966
9126,8381
9127,7368
9128,4356
9129,1400
9129,9133
9129,5809
9131,956
9133,2981
9134,5817
9135,202
9135,5824
9136,2981
9136,8035
9136,9142
9136,5718
9138,9136
9138,9129
9141,9144
9142,3463
9143,9137
9144,974
9144,9139
9145,5827
9146,544
9148,951
9149,202
9150,2979
9151,8977
9153,8101
9153,6772
9155,8197
9159,1293
9159,4490
9160,5783
9163,1210
9167,1721
9170,4488
9174,2166
9174,8107
9176,2194
9179,3472
9182,4038
9184,2310
9184,10212
9184,9059
9189,60
9193,512
9195,1234
9197,9047
9204,9027
9204,317
9205,3550
9207,2194
9208,8739
9210,10467
9210,7597
9211,10386
9213,9772
9215,7298
9216,5990
9217,3586
9219,767
9219,9468
9222,6561
9223,6058
9223,10079
9227,4125
9229,9947
9232,2443
9236,2490
9236,4684
9239,1969
9240,4756
9241,5027
9242,9539
9244,943
9245,8112
9246,3902
9247,8644
9247,5555
9254,9386
9255,5979
9259,7887
9260,3432
9260,3995
9265,2004
9268,2498
9270,3704
9271,9388
9273,9984
9275,2619
9275,8507
9277,1242
9278,4733
9278,6360
9280,1446
9284,2899
9286,713
9290,6039
9290,3488
9300,2433
9301,4188
9301,6130
9302,3103
9302,1562
9302,2281
9306,3865
9307,716
9310,3611
9311,7176
9316,3513
9317,3119
9318,8050
9319,234
9320,4620
9320,2721
9321,6495
9322,8975
9323,5070
9329,5694
9329,6066
9329,8750
9331,4034
9331,1675
9336,3844
9340,7380
9341,8202
9346,10405
9346,8827
9347,8544
9348,6625
9351,8095
9362,7261
9364,8450
9364,370
9366,1835
9366,487
9369,10440
9375,2707
9379,7567
9380,10426
9380,8173
9381,8079
9382,1864
9388,2765
9392,4958
9392,5359
9393,10199
9395,9740
9398,409
9400,2698
9402,6647
9405,2705
9405,5196
9405,3882
9407,2729
9408,3696
9408,1696
9411,10305
9414,6158
9416,7169
9418,4965
9421,4064
9423,4209
9423,6572
9424,4766
9427,3809
9427,9861
9429,6429
9429,2245
9430,5372
9430,27
9432,6695
9432,6909
9432,6442
9433,4448
9434,2431
9434,8499
9435,3680
9438,9955
9438,9858
9441,3425
9441,3168
9441,9003
9442,9432
9444,2259
9445,3505
9445,8737
9448,7784
9449,6929
9450,4063
9450,142
9451,6431
9451,2346
9452,6444
9453,2398
9453,6429
9454,7092
9456,4211
9457,1710
9458,6242
9460,3952
9460,1890
9460,9478
9460,273
9461,4266
9462,501
9467,717
9467,1034
9467,8696
9467,1890
9468,1776
9469,3839
9470,111
9472,8289
9474,2841
9475,2339
9476,2132
9479,7291
9484,5913
9487,2374
9488,5769
9489,394
9489,928
9490,6994
9491,5507
9494,6980
9495,1403
9496,8726
9503,9623
9503,6762
9504,760
9508,6010
9508,5356
9509,10332
9510,1284
9510,4558
9511,5373
9514,5968
9516,1694
9517,7009
9525,7835
9527,6447
9529,1951
9534,8942
9535,7762
9535,9422
9537,5313
9537,8553
9539,4986
9539,472
9540,8682
9546,2526
9549,2260
9550,5296
9550,1591
9554,6651
9554,2660
9560,10163
9563,10138
9564,9105
9565,10426
9570,8126
9574,9623
9575,4418
9575,4972
9575,1489
9578,6211
9580,1865
9582,2389
9587,10092
9588,3471
9592,34
9594,1776
9594,9504
9597,1382
9613,1141
9615,6788
9618,5902
9619,4108
9624,3362
9626,1777
9628,7724
9633,1362
9634,1136
9636,257
9639,9239
9643,4680
9643,5263
9647,1204
9655,3346
9657,4328
9657,5335
9657,10345
9659,4687
9665,7833
9667,100
9670,8765
9670,3746
9675,4626
9676,295
9677,9681
9677,3275
9677,8648
9680,3470
9689,6540
9691,10127
9694,9530
9695,3391
9698,2561
9704,3754
9704,9339
9704,8593
9707,710
9713,6505
9713,2369
9720,1791
9725,7842
9730,2972
9734,7029
9739,6467
9746,8161
9749,9763
9751,7858
9751,8969
9754,7765
9757,9569
9758,2699
9759,2517
9761,6282
9763,2031
9768,3206
9768,8714
9768,10167
9769,3650
9769,2320
9769,7210
9770,7601
9774,2874
9775,5549
9777,8888
9780,3207
9781,9863
9784,9350
9788,4239
9788,4606
9790,3874
9794,3196
9802,6491
9804,9316
9804,4383
9807,8429
9807,8820
9808,277
9813,1084
9814,9812
9816,7873
9818,7026
9820,6397
9821,9756
9821,1299
9823,7752
9824,2076
9825,1580
9826,6398
9826,640
9829,10463
9829,9346
9829,10454
9831,1148
9831,4087
9831,9404
9831,4084
9833,6985
9834,9443
9834,5707
9835,9709
9836,452
9838,3531
9839,8342
9839,7239
9840,3622
9842,7201
9842,8884
9843,4072
9844,4057
9845,2435
9845,9855
9847,2435
9847,5589
9847,5570
9849,10419
9849,9861
9850,1014
9851,4055
9855,4093
9856,9849
9857,3304
9857,4092
9859,725
9861,41
9863,4357
9863,31
9863,4437
9866,2432
9868,7994
9868,8608
9868,2208
9870,8610
9870,7994
9874,2493
9874,10345
9875,4317
9879,1740
9880,8329
9882,7417
9882,2570
9884,6964
9885,7195
9890,8728
9893,8110
9895,6825
9897,5397
9899,5952
9901,8687
9908,6710
9911,7407
9914,1375
9915,4405
9916,4159
9917,7604
9918,7885
9921,1365
9926,4005
9931,2769
9937,3831
9938,6795
9940,7021
9942,2467
9943,9404
9946,4558
9947,7699
9947,6987
9948,8338
9950,10158
9951,9955
9952,7824
9954,9951
9954,4231
9955,9965
9955,5771
9955,2470
9955,6786
9955,8737
9956,2478
9956,2475
9961,8341
9961,5936
9963,6447
9964,6596
9964,8362
9967,1972
9967,1658
9970,5136
9981,2710
9984,5068
9987,9025
9987,2238
9988,3867
9988,236
9993,10223
9995,7934
9998,10031
9999,899
10005,8113
10013,8544
10014,7517
10016,5288
10017,5262
10020,7196
10021,2569
10021,6145
10025,2457
10025,4919
10026,9201
10027,696
10027,4722
10028,3685
10029,9432
10030,6215
10032,7352
10033,2428
10034,2984
10037,3790
10037,3662
10038,2307
10039,2255
10040,4338
10040,5931
10040,6062
10043,5404
10047,3288
10048,9214
10049,10130
10053,5732
10056,2064
10060,655
10060,4297
10061,2298
10062,9571
10068,4562
10073,8658
10075,6106
10075,6119
10075,5596
10078,8794
10079,6483
10081,8202
10083,5801
10084,760
10086,700
10087,5969
10088,4660
10089,6833
10089,4045
10093,487
10094,5537
10094,420
10102,9652
10103,7995
10104,7059
10107,709
10108,8431
10109,9814
10109,558
10113,1753
10117,9613
10118,7883
10121,10400
10121,1032
10121,2143
10123,2076
10124,1606
10128,9676
10129,4395
10132,7264
10133,210
10134,6555
10137,3576
10138,3717
10139,8950
10140,5856
10140,9563
10144,4988
10145,6939
10147,5677
10148,1871
10149,1286
10151,297
10153,5520
10161,8863
10162,9879
10163,1111
10163,4277
10169,9993
10169,9270
10170,7325
10171,5916
10172,9206
10173,9560
10174,10262
10174,1150
10177,7458
10178,7417
10181,8020
10183,4607
10183,820
10184,1147
10186,5149
10187,8
10190,5460
10191,10114
10195,6250
10195,3615
10198,8018
10201,7049
10208,3309
10209,6372
10209,1351
10211,3293
10212,6194
10213,8276
10215,1377
10215,10057
10216,7761
10218,7918
10219,3670
10223,5902
10224,7736
10224,7256
10227,5593
10230,221
10236,5089
10239,7938
10242,7475
10242,7214
10244,1350
10244,3248
10247,256
10253,10064
10257,7228
10257,6018
10258,9109
10259,8049
10260,6345
10260,369
10261,8351
10263,4868
10264,10271
10265,8084
10265,6070
10265,5207
10266,117
10270,1889
10274,10155
10281,4637
10282,6843
10287,2971
10288,1345
10291,7072
10297,3505
10298,3466
10306,6372
10313,4010
10313,7276
10315,1690
10316,9437
10317,4448
10321,2892
10322,9189
10327,6488
10331,2808
10331,10158
10337,4167
10338,2353
10339,4633
10341,10504
10341,6071
10345,2549
10345,357
10355,9686
10356,3596
10356,9487
10358,3808
10361,6435
10361,3551
10362,2892
10362,7196
10369,6853
10371,2519
10372,10430
10373,6772
10379,675
10380,5835
10380,8623
10381,3224
10382,3684
10389,587
10393,6581
10394,9738
10396,3487
10400,2348
10403,2507
10404,2346
10407,2361
10410,8710
10412,9076
10414,9606
10415,9816
10416,1741
10417,1323
10420,4762
10420,8852
10424,4935
10424,7449
10425,8321
10427,5265
10429,1764
10434,7831
10434,6671
10434,7220
10436,1710
10438,3336
10439,6664
10442,6255
10444,1973
10445,1097
10450,116
10450,109
10450,1105
10452,7163
10454,9829
10454,3300
10454,1055
10454,7051
10454,8031
10455,9189
10455,975
10459,4147
10459,1132
10460,8184
10461,8108
10461,2365
10463,7775
10465,5840
10467,6938
10468,4872
10470,3423
10473,1221
10476,1041
10478,2213
10479,6035
10480,3234
10483,3656
10484,6217
10484,4102
10485,1998
10489,575
10491,1969
10492,5744
10494,106
10495,3770
10496,2101
10497,9674
10497,3256
10499,10027
10501,1891
10502,2274
10505,7437
10506,5109
10506,2139
10512,8196
10515,1572
10515,3539
